Judul,Link,judul_lower_case,remove_html,remove_special_characters,remove_escape_characters,cleaned_space,tokenisasi,remove_stopword_english,remove_stopword_indonesia,data_post_cleaned
Survei Ungkap 70% Gen Z Minta Bantuan Orang Tua untuk Melamar Pekerjaan,https://wolipop.detik.com/worklife/d-7633465/survei-ungkap-70-gen-z-minta-bantuan-orang-tua-untuk-melamar-pekerjaan,survei ungkap 70% gen z minta bantuan orang tua untuk melamar pekerjaan,survei ungkap 70% gen z minta bantuan orang tua untuk melamar pekerjaan,survei ungkap  gen z minta bantuan orang tua untuk melamar pekerjaan,survei ungkap  gen z minta bantuan orang tua untuk melamar pekerjaan,survei ungkap  gen z minta bantuan orang tua untuk melamar pekerjaan,"['survei', 'ungkap', 'gen', 'z', 'minta', 'bantuan', 'orang', 'tua', 'untuk', 'melamar', 'pekerjaan']","['survei', 'ungkap', 'gen', 'z', 'minta', 'bantuan', 'orang', 'tua', 'untuk', 'melamar', 'pekerjaan']","['survei', 'gen', 'z', 'bantuan', 'orang', 'tua', 'melamar', 'pekerjaan']","['survei', 'gen', 'z', 'bantuan', 'orang', 'tua', 'lamar', 'pekerjaan']"
'Garut di Eropa' dan Problem Pengetahuan Umum Gen Z/Alpha,https://news.detik.com/kolom/d-7632852/garut-di-eropa-dan-problem-pengetahuan-umum-gen-z-alpha,'garut di eropa' dan problem pengetahuan umum gen z/alpha,'garut di eropa' dan problem pengetahuan umum gen z/alpha,garut di eropa dan problem pengetahuan umum gen zalpha,garut di eropa dan problem pengetahuan umum gen zalpha,garut di eropa dan problem pengetahuan umum gen zalpha,"['garut', 'di', 'eropa', 'dan', 'problem', 'pengetahuan', 'umum', 'gen', 'zalpha']","['garut', 'di', 'eropa', 'dan', 'problem', 'pengetahuan', 'umum', 'gen', 'zalpha']","['garut', 'eropa', 'problem', 'pengetahuan', 'gen', 'zalpha']","['garut', 'eropa', 'problem', 'pengetahuan', 'gen', 'zalpha']"
"Vokalis Close to Breathe Punya Project Solo, Siapkan EP untuk Milenial dan Gen Z",https://www.detik.com/pop/music/d-7633322/vokalis-close-to-breathe-punya-project-solo-siapkan-ep-untuk-milenial-dan-gen-z,"vokalis close to breathe punya project solo, siapkan ep untuk milenial dan gen z","vokalis close to breathe punya project solo, siapkan ep untuk milenial dan gen z",vokalis close to breathe punya project solo siapkan ep untuk milenial dan gen z,vokalis close to breathe punya project solo siapkan ep untuk milenial dan gen z,vokalis close to breathe punya project solo siapkan ep untuk milenial dan gen z,"['vokalis', 'close', 'to', 'breathe', 'punya', 'project', 'solo', 'siapkan', 'ep', 'untuk', 'milenial', 'dan', 'gen', 'z']","['vokalis', 'close', 'breathe', 'punya', 'project', 'solo', 'siapkan', 'ep', 'untuk', 'milenial', 'dan', 'gen', 'z']","['vokalis', 'close', 'breathe', 'project', 'solo', 'siapkan', 'ep', 'milenial', 'gen', 'z']","['vokalis', 'close', 'breathe', 'project', 'solo', 'siap', 'ep', 'milenial', 'gen', 'z']"
Video: Gita Mau Bangun 5.000 Lapangan Olahraga Atasi Masalah Mental Gen Z,https://20.detik.com/detikupdate/20241111-241111154/video-gita-mau-bangun-5-000-lapangan-olahraga-atasi-masalah-mental-gen-z,video: gita mau bangun 5.000 lapangan olahraga atasi masalah mental gen z,video: gita mau bangun 5.000 lapangan olahraga atasi masalah mental gen z,video gita mau bangun  lapangan olahraga atasi masalah mental gen z,video gita mau bangun  lapangan olahraga atasi masalah mental gen z,video gita mau bangun  lapangan olahraga atasi masalah mental gen z,"['video', 'gita', 'mau', 'bangun', 'lapangan', 'olahraga', 'atasi', 'masalah', 'mental', 'gen', 'z']","['video', 'gita', 'mau', 'bangun', 'lapangan', 'olahraga', 'atasi', 'masalah', 'mental', 'gen', 'z']","['video', 'gita', 'bangun', 'lapangan', 'olahraga', 'atasi', 'mental', 'gen', 'z']","['video', 'gita', 'bangun', 'lapangan', 'olahraga', 'atasi', 'ntal', 'gen', 'z']"
Video: Program 4 Cawagub Jabar Biar Gen Z Bermental Sehat,https://news.detik.com/detiktv/d-7633764/video-program-4-cawagub-jabar-biar-gen-z-bermental-sehat,video: program 4 cawagub jabar biar gen z bermental sehat,video: program 4 cawagub jabar biar gen z bermental sehat,video program  cawagub jabar biar gen z bermental sehat,video program  cawagub jabar biar gen z bermental sehat,video program  cawagub jabar biar gen z bermental sehat,"['video', 'program', 'cawagub', 'jabar', 'biar', 'gen', 'z', 'bermental', 'sehat']","['video', 'program', 'cawagub', 'jabar', 'biar', 'gen', 'z', 'bermental', 'sehat']","['video', 'program', 'cawagub', 'jabar', 'biar', 'gen', 'z', 'bermental', 'sehat']","['video', 'program', 'cawagub', 'jabar', 'biar', 'gen', 'z', 'bermental', 'sehat']"
[Verifikata] Ilham Habibie: Hanya 25% Gen Z yang Bisa Dapat Kerja,https://www.detik.com/jabar/pilkada/d-7633808/verifikata-ilham-habibie-hanya-25-gen-z-yang-bisa-dapat-kerja,[verifikata] ilham habibie: hanya 25% gen z yang bisa dapat kerja,[verifikata] ilham habibie: hanya 25% gen z yang bisa dapat kerja,verifikata ilham habibie hanya  gen z yang bisa dapat kerja,verifikata ilham habibie hanya  gen z yang bisa dapat kerja,verifikata ilham habibie hanya  gen z yang bisa dapat kerja,"['verifikata', 'ilham', 'habibie', 'hanya', 'gen', 'z', 'yang', 'bisa', 'dapat', 'kerja']","['verifikata', 'ilham', 'habibie', 'hanya', 'gen', 'z', 'yang', 'bisa', 'dapat', 'kerja']","['verifikata', 'ilham', 'habibie', 'gen', 'z', 'kerja']","['verifikata', 'ilham', 'habibie', 'gen', 'z', 'kerja']"
"Gen Z Milenial Dukung Sherly-Sarbin, Percaya Perempuan Bisa Pimpin Malut",https://www.detik.com/sulsel/pilkada/d-7631059/gen-z-milenial-dukung-sherly-sarbin-percaya-perempuan-bisa-pimpin-malut,"gen z milenial dukung sherly-sarbin, percaya perempuan bisa pimpin malut","gen z milenial dukung sherly-sarbin, percaya perempuan bisa pimpin malut",gen z milenial dukung sherlysarbin percaya perempuan bisa pimpin malut,gen z milenial dukung sherlysarbin percaya perempuan bisa pimpin malut,gen z milenial dukung sherlysarbin percaya perempuan bisa pimpin malut,"['gen', 'z', 'milenial', 'dukung', 'sherlysarbin', 'percaya', 'perempuan', 'bisa', 'pimpin', 'malut']","['gen', 'z', 'milenial', 'dukung', 'sherlysarbin', 'percaya', 'perempuan', 'bisa', 'pimpin', 'malut']","['gen', 'z', 'milenial', 'dukung', 'sherlysarbin', 'percaya', 'perempuan', 'pimpin', 'malut']","['gen', 'z', 'milenial', 'dukung', 'sherlysarbin', 'percaya', 'perempuan', 'pimpin', 'malut']"
Menangkal 'Jam Koma' dengan Yoga,https://health.detik.com/fotohealth/d-7606988/menangkal-jam-koma-dengan-yoga,menangkal 'jam koma' dengan yoga,menangkal 'jam koma' dengan yoga,menangkal jam koma dengan yoga,menangkal jam koma dengan yoga,menangkal jam koma dengan yoga,"['menangkal', 'jam', 'koma', 'dengan', 'yoga']","['menangkal', 'jam', 'koma', 'dengan', 'yoga']","['menangkal', 'jam', 'koma', 'yoga']","['nangkal', 'jam', 'koma', 'yoga']"
Gen Z dan Perubahan Paradigma Pariwisata,https://news.detik.com/kolom/d-7627214/gen-z-dan-perubahan-paradigma-pariwisata,gen z dan perubahan paradigma pariwisata,gen z dan perubahan paradigma pariwisata,gen z dan perubahan paradigma pariwisata,gen z dan perubahan paradigma pariwisata,gen z dan perubahan paradigma pariwisata,"['gen', 'z', 'dan', 'perubahan', 'paradigma', 'pariwisata']","['gen', 'z', 'dan', 'perubahan', 'paradigma', 'pariwisata']","['gen', 'z', 'perubahan', 'paradigma', 'pariwisata']","['gen', 'z', 'perubahan', 'paradigma', 'pariwisata']"
"Jadi Pembicara Talkshow, Risma Beri Pesan ke Gen-Z: Jangan Takut Perubahan",https://news.detik.com/berita/d-7629740/jadi-pembicara-talkshow-risma-beri-pesan-ke-gen-z-jangan-takut-perubahan,"jadi pembicara talkshow, risma beri pesan ke gen-z: jangan takut perubahan","jadi pembicara talkshow, risma beri pesan ke gen-z: jangan takut perubahan",jadi pembicara talkshow risma beri pesan ke genz jangan takut perubahan,jadi pembicara talkshow risma beri pesan ke genz jangan takut perubahan,jadi pembicara talkshow risma beri pesan ke genz jangan takut perubahan,"['jadi', 'pembicara', 'talkshow', 'risma', 'beri', 'pesan', 'ke', 'genz', 'jangan', 'takut', 'perubahan']","['jadi', 'pembicara', 'talkshow', 'risma', 'beri', 'pesan', 'ke', 'genz', 'jangan', 'takut', 'perubahan']","['pembicara', 'talkshow', 'risma', 'pesan', 'genz', 'takut', 'perubahan']","['pembicara', 'talkshow', 'risma', 'pesan', 'genz', 'takut', 'perubahan']"
Jurus Ratu Zakiyah dan Andika Hadapi Dampak Internet ke Gen-Z Serang,https://news.detik.com/pilkada/d-7629164/jurus-ratu-zakiyah-dan-andika-hadapi-dampak-internet-ke-gen-z-serang,jurus ratu zakiyah dan andika hadapi dampak internet ke gen-z serang,jurus ratu zakiyah dan andika hadapi dampak internet ke gen-z serang,jurus ratu zakiyah dan andika hadapi dampak internet ke genz serang,jurus ratu zakiyah dan andika hadapi dampak internet ke genz serang,jurus ratu zakiyah dan andika hadapi dampak internet ke genz serang,"['jurus', 'ratu', 'zakiyah', 'dan', 'andika', 'hadapi', 'dampak', 'internet', 'ke', 'genz', 'serang']","['jurus', 'ratu', 'zakiyah', 'dan', 'andika', 'hadapi', 'dampak', 'internet', 'ke', 'genz', 'serang']","['jurus', 'ratu', 'zakiyah', 'andika', 'hadapi', 'dampak', 'internet', 'genz', 'serang']","['jurus', 'ratu', 'zakiyah', 'andika', 'hadapi', 'dampak', 'internet', 'genz', 'serang']"
Video: Janji Pramono Permudah KPR untuk Gen Z-Milenial,https://news.detik.com/detiktv/d-7627939/video-janji-pramono-permudah-kpr-untuk-gen-z-milenial,video: janji pramono permudah kpr untuk gen z-milenial,video: janji pramono permudah kpr untuk gen z-milenial,video janji pramono permudah kpr untuk gen zmilenial,video janji pramono permudah kpr untuk gen zmilenial,video janji pramono permudah kpr untuk gen zmilenial,"['video', 'janji', 'pramono', 'permudah', 'kpr', 'untuk', 'gen', 'zmilenial']","['video', 'janji', 'pramono', 'permudah', 'kpr', 'untuk', 'gen', 'zmilenial']","['video', 'janji', 'pramono', 'permudah', 'kpr', 'gen', 'zmilenial']","['video', 'janji', 'pramono', 'permudah', 'kpr', 'gen', 'zmilenial']"
Gen Z Dianggap 'Bunuh' TV,https://www.detik.com/pop/movie/d-7528094/gen-z-dianggap-bunuh-tv,gen z dianggap 'bunuh' tv,gen z dianggap 'bunuh' tv,gen z dianggap bunuh tv,gen z dianggap bunuh tv,gen z dianggap bunuh tv,"['gen', 'z', 'dianggap', 'bunuh', 'tv']","['gen', 'z', 'dianggap', 'bunuh', 'tv']","['gen', 'z', 'dianggap', 'bunuh', 'tv']","['gen', 'z', 'dianggap', 'bunuh', 'tv']"
"Emil Dardak Bertemu Gen Z Surabaya, Bahas Keberlanjutan MJC",https://www.detik.com/jatim/pilkada/d-7627895/emil-dardak-bertemu-gen-z-surabaya-bahas-keberlanjutan-mjc,"emil dardak bertemu gen z surabaya, bahas keberlanjutan mjc","emil dardak bertemu gen z surabaya, bahas keberlanjutan mjc",emil dardak bertemu gen z surabaya bahas keberlanjutan mjc,emil dardak bertemu gen z surabaya bahas keberlanjutan mjc,emil dardak bertemu gen z surabaya bahas keberlanjutan mjc,"['emil', 'dardak', 'bertemu', 'gen', 'z', 'surabaya', 'bahas', 'keberlanjutan', 'mjc']","['emil', 'dardak', 'bertemu', 'gen', 'z', 'surabaya', 'bahas', 'keberlanjutan', 'mjc']","['emil', 'dardak', 'bertemu', 'gen', 'z', 'surabaya', 'bahas', 'keberlanjutan', 'mjc']","['emil', 'dardak', 'bertemu', 'gen', 'z', 'surabaya', 'bahas', 'keberlanjutan', 'mjc']"
Gen Z Merajut Asa di Sektor Informal,https://news.detik.com/kolom/d-7504983/gen-z-merajut-asa-di-sektor-informal,gen z merajut asa di sektor informal,gen z merajut asa di sektor informal,gen z merajut asa di sektor informal,gen z merajut asa di sektor informal,gen z merajut asa di sektor informal,"['gen', 'z', 'merajut', 'asa', 'di', 'sektor', 'informal']","['gen', 'z', 'merajut', 'asa', 'di', 'sektor', 'informal']","['gen', 'z', 'merajut', 'asa', 'sektor', 'informal']","['gen', 'z', 'rajut', 'asa', 'sektor', 'informal']"
Video: Program 4 Cawagub Jabar Biar Gen Z Bermental Sehat,https://20.detik.com/detikupdate/20241111-241111150/video-program-4-cawagub-jabar-biar-gen-z-bermental-sehat,video: program 4 cawagub jabar biar gen z bermental sehat,video: program 4 cawagub jabar biar gen z bermental sehat,video program  cawagub jabar biar gen z bermental sehat,video program  cawagub jabar biar gen z bermental sehat,video program  cawagub jabar biar gen z bermental sehat,"['video', 'program', 'cawagub', 'jabar', 'biar', 'gen', 'z', 'bermental', 'sehat']","['video', 'program', 'cawagub', 'jabar', 'biar', 'gen', 'z', 'bermental', 'sehat']","['video', 'program', 'cawagub', 'jabar', 'biar', 'gen', 'z', 'bermental', 'sehat']","['video', 'program', 'cawagub', 'jabar', 'biar', 'gen', 'z', 'bermental', 'sehat']"
Gen Z Memang Pemalas atau Dimiskinkan?,https://news.detik.com/intermeso/d-7471668/gen-z-memang-pemalas-atau-dimiskinkan,gen z memang pemalas atau dimiskinkan?,gen z memang pemalas atau dimiskinkan?,gen z memang pemalas atau dimiskinkan,gen z memang pemalas atau dimiskinkan,gen z memang pemalas atau dimiskinkan,"['gen', 'z', 'memang', 'pemalas', 'atau', 'dimiskinkan']","['gen', 'z', 'memang', 'pemalas', 'atau', 'dimiskinkan']","['gen', 'z', 'pemalas', 'dimiskinkan']","['gen', 'z', 'pemalas', 'dimiskin']"
"Viral Gaya Pekerja Gen Z Dihujat Netizen, Disebut Seperti Stripper",https://wolipop.detik.com/worklife/d-7616035/viral-gaya-pekerja-gen-z-dihujat-netizen-disebut-seperti-stripper,"viral gaya pekerja gen z dihujat netizen, disebut seperti stripper","viral gaya pekerja gen z dihujat netizen, disebut seperti stripper",viral gaya pekerja gen z dihujat netizen disebut seperti stripper,viral gaya pekerja gen z dihujat netizen disebut seperti stripper,viral gaya pekerja gen z dihujat netizen disebut seperti stripper,"['viral', 'gaya', 'pekerja', 'gen', 'z', 'dihujat', 'netizen', 'disebut', 'seperti', 'stripper']","['viral', 'gaya', 'pekerja', 'gen', 'z', 'dihujat', 'netizen', 'disebut', 'seperti', 'stripper']","['viral', 'gaya', 'pekerja', 'gen', 'z', 'dihujat', 'netizen', 'stripper']","['viral', 'gaya', 'pekerja', 'gen', 'z', 'dihujat', 'netizen', 'stripper']"
"Banyak Gen Z Terjerat Pinjol, Kok Bisa?",https://finance.detik.com/fintech/d-7459538/banyak-gen-z-terjerat-pinjol-kok-bisa,"banyak gen z terjerat pinjol, kok bisa?","banyak gen z terjerat pinjol, kok bisa?",banyak gen z terjerat pinjol kok bisa,banyak gen z terjerat pinjol kok bisa,banyak gen z terjerat pinjol kok bisa,"['banyak', 'gen', 'z', 'terjerat', 'pinjol', 'kok', 'bisa']","['banyak', 'gen', 'z', 'terjerat', 'pinjol', 'kok', 'bisa']","['gen', 'z', 'terjerat', 'pinjol']","['gen', 'z', 'terjerat', 'pinjol']"
"Kalau Tahu 15 Hal Ini, Fix Kamu Sudah Nggak Muda Lagi",https://inet.detik.com/fotoinet/d-7558510/kalau-tahu-15-hal-ini-fix-kamu-sudah-nggak-muda-lagi,"kalau tahu 15 hal ini, fix kamu sudah nggak muda lagi","kalau tahu 15 hal ini, fix kamu sudah nggak muda lagi",kalau tahu  hal ini fix kamu sudah nggak muda lagi,kalau tahu  hal ini fix kamu sudah nggak muda lagi,kalau tahu  hal ini fix kamu sudah nggak muda lagi,"['kalau', 'tahu', 'hal', 'ini', 'fix', 'kamu', 'sudah', 'nggak', 'muda', 'lagi']","['kalau', 'tahu', 'hal', 'ini', 'fix', 'kamu', 'sudah', 'nggak', 'muda', 'lagi']","['fix', 'nggak', 'muda']","['fix', 'nggak', 'muda']"
"Gen Z, Tren Rekrutmen, dan Adaptasi Perusahaan",https://news.detik.com/kolom/d-7455183/gen-z-tren-rekrutmen-dan-adaptasi-perusahaan,"gen z, tren rekrutmen, dan adaptasi perusahaan","gen z, tren rekrutmen, dan adaptasi perusahaan",gen z tren rekrutmen dan adaptasi perusahaan,gen z tren rekrutmen dan adaptasi perusahaan,gen z tren rekrutmen dan adaptasi perusahaan,"['gen', 'z', 'tren', 'rekrutmen', 'dan', 'adaptasi', 'perusahaan']","['gen', 'z', 'tren', 'rekrutmen', 'dan', 'adaptasi', 'perusahaan']","['gen', 'z', 'tren', 'rekrutmen', 'adaptasi', 'perusahaan']","['gen', 'z', 'tren', 'rekrutmen', 'adaptasi', 'perusahaan']"
'Spill the Tea' Bahasa Gaul Gen Z,https://news.detik.com/kolom/d-7423056/spill-the-tea-bahasa-gaul-gen-z,'spill the tea' bahasa gaul gen z,'spill the tea' bahasa gaul gen z,spill the tea bahasa gaul gen z,spill the tea bahasa gaul gen z,spill the tea bahasa gaul gen z,"['spill', 'the', 'tea', 'bahasa', 'gaul', 'gen', 'z']","['spill', 'tea', 'bahasa', 'gaul', 'gen', 'z']","['spill', 'tea', 'bahasa', 'gaul', 'gen', 'z']","['spill', 'tea', 'bahasa', 'gaul', 'gen', 'z']"
"Geliat Sektor Properti Batam, Bidik Gen Z Geber Ekonomi",https://www.detik.com/properti/berita/d-7510695/geliat-sektor-properti-batam-bidik-gen-z-geber-ekonomi,"geliat sektor properti batam, bidik gen z geber ekonomi","geliat sektor properti batam, bidik gen z geber ekonomi",geliat sektor properti batam bidik gen z geber ekonomi,geliat sektor properti batam bidik gen z geber ekonomi,geliat sektor properti batam bidik gen z geber ekonomi,"['geliat', 'sektor', 'properti', 'batam', 'bidik', 'gen', 'z', 'geber', 'ekonomi']","['geliat', 'sektor', 'properti', 'batam', 'bidik', 'gen', 'z', 'geber', 'ekonomi']","['geliat', 'sektor', 'properti', 'batam', 'bidik', 'gen', 'z', 'geber', 'ekonomi']","['geliat', 'sektor', 'properti', 'batam', 'bidik', 'gen', 'z', 'geber', 'ekonomi']"
"Survei Pilgub Jateng Litbang Kompas: Paslon 01 Unggul di Gen Z, 02 di Gen X",https://www.detik.com/jateng/pilkada/d-7621109/survei-pilgub-jateng-litbang-kompas-paslon-01-unggul-di-gen-z-02-di-gen-x,"survei pilgub jateng litbang kompas: paslon 01 unggul di gen z, 02 di gen x","survei pilgub jateng litbang kompas: paslon 01 unggul di gen z, 02 di gen x",survei pilgub jateng litbang kompas paslon  unggul di gen z  di gen x,survei pilgub jateng litbang kompas paslon  unggul di gen z  di gen x,survei pilgub jateng litbang kompas paslon  unggul di gen z  di gen x,"['survei', 'pilgub', 'jateng', 'litbang', 'kompas', 'paslon', 'unggul', 'di', 'gen', 'z', 'di', 'gen', 'x']","['survei', 'pilgub', 'jateng', 'litbang', 'kompas', 'paslon', 'unggul', 'di', 'gen', 'z', 'di', 'gen', 'x']","['survei', 'pilgub', 'jateng', 'litbang', 'kompas', 'paslon', 'unggul', 'gen', 'z', 'gen', 'x']","['survei', 'pilgub', 'jateng', 'litbang', 'kompas', 'paslon', 'unggul', 'gen', 'z', 'gen', 'x']"
"10 Juta Gen Z Masih Nganggur, Pakar Bongkar Citra Gen Z yang Dinilai Terlalu Fantastis",https://www.detik.com/edu/detikpedia/d-7357410/10-juta-gen-z-masih-nganggur-pakar-bongkar-citra-gen-z-yang-dinilai-terlalu-fantastis,"10 juta gen z masih nganggur, pakar bongkar citra gen z yang dinilai terlalu fantastis","10 juta gen z masih nganggur, pakar bongkar citra gen z yang dinilai terlalu fantastis", juta gen z masih nganggur pakar bongkar citra gen z yang dinilai terlalu fantastis, juta gen z masih nganggur pakar bongkar citra gen z yang dinilai terlalu fantastis, juta gen z masih nganggur pakar bongkar citra gen z yang dinilai terlalu fantastis,"['juta', 'gen', 'z', 'masih', 'nganggur', 'pakar', 'bongkar', 'citra', 'gen', 'z', 'yang', 'dinilai', 'terlalu', 'fantastis']","['juta', 'gen', 'z', 'masih', 'nganggur', 'pakar', 'bongkar', 'citra', 'gen', 'z', 'yang', 'dinilai', 'terlalu', 'fantastis']","['juta', 'gen', 'z', 'nganggur', 'pakar', 'bongkar', 'citra', 'gen', 'z', 'dinilai', 'fantastis']","['juta', 'gen', 'z', 'nganggur', 'pakar', 'bongkar', 'citra', 'gen', 'z', 'dinilai', 'fantastis']"
Gen Z Diharapkan Manfaatkan Rekrutmen CASN Tahun Ini,https://finance.detik.com/cpns/d-7493917/gen-z-diharapkan-manfaatkan-rekrutmen-casn-tahun-ini,gen z diharapkan manfaatkan rekrutmen casn tahun ini,gen z diharapkan manfaatkan rekrutmen casn tahun ini,gen z diharapkan manfaatkan rekrutmen casn tahun ini,gen z diharapkan manfaatkan rekrutmen casn tahun ini,gen z diharapkan manfaatkan rekrutmen casn tahun ini,"['gen', 'z', 'diharapkan', 'manfaatkan', 'rekrutmen', 'casn', 'tahun', 'ini']","['gen', 'z', 'diharapkan', 'manfaatkan', 'rekrutmen', 'casn', 'tahun', 'ini']","['gen', 'z', 'diharapkan', 'manfaatkan', 'rekrutmen', 'casn']","['gen', 'z', 'diharap', 'manfaat', 'rekrutmen', 'casn']"
Gen Z Amerika Serikat yang Mulai Lupakan 'Googling',https://www.detik.com/jabar/berita/d-7541598/gen-z-amerika-serikat-yang-mulai-lupakan-googling,gen z amerika serikat yang mulai lupakan 'googling',gen z amerika serikat yang mulai lupakan 'googling',gen z amerika serikat yang mulai lupakan googling,gen z amerika serikat yang mulai lupakan googling,gen z amerika serikat yang mulai lupakan googling,"['gen', 'z', 'amerika', 'serikat', 'yang', 'mulai', 'lupakan', 'googling']","['gen', 'z', 'amerika', 'serikat', 'yang', 'mulai', 'lupakan', 'googling']","['gen', 'z', 'amerika', 'serikat', 'lupakan', 'googling']","['gen', 'z', 'amerika', 'serikat', 'lupa', 'googling']"
Video: Janji Pramono Permudah KPR untuk Gen Z-Milenial,https://20.detik.com/detikupdate/20241108-241108049/video-janji-pramono-permudah-kpr-untuk-gen-z-milenial,video: janji pramono permudah kpr untuk gen z-milenial,video: janji pramono permudah kpr untuk gen z-milenial,video janji pramono permudah kpr untuk gen zmilenial,video janji pramono permudah kpr untuk gen zmilenial,video janji pramono permudah kpr untuk gen zmilenial,"['video', 'janji', 'pramono', 'permudah', 'kpr', 'untuk', 'gen', 'zmilenial']","['video', 'janji', 'pramono', 'permudah', 'kpr', 'untuk', 'gen', 'zmilenial']","['video', 'janji', 'pramono', 'permudah', 'kpr', 'gen', 'zmilenial']","['video', 'janji', 'pramono', 'permudah', 'kpr', 'gen', 'zmilenial']"
Milenial-Gen Z Sukabumi Mantap Dukung Ayep Zaki-Bobby Maulana,https://www.detik.com/jabar/pilkada/d-7615671/milenial-gen-z-sukabumi-mantap-dukung-ayep-zaki-bobby-maulana,milenial-gen z sukabumi mantap dukung ayep zaki-bobby maulana,milenial-gen z sukabumi mantap dukung ayep zaki-bobby maulana,milenialgen z sukabumi mantap dukung ayep zakibobby maulana,milenialgen z sukabumi mantap dukung ayep zakibobby maulana,milenialgen z sukabumi mantap dukung ayep zakibobby maulana,"['milenialgen', 'z', 'sukabumi', 'mantap', 'dukung', 'ayep', 'zakibobby', 'maulana']","['milenialgen', 'z', 'sukabumi', 'mantap', 'dukung', 'ayep', 'zakibobby', 'maulana']","['milenialgen', 'z', 'sukabumi', 'mantap', 'dukung', 'ayep', 'zakibobby', 'maulana']","['milenialgen', 'z', 'sukabumi', 'mantap', 'dukung', 'ayep', 'zakibobby', 'maulana']"
"UKT, Gen Z, dan Paradoks Indonesia Emas",https://news.detik.com/kolom/d-7372002/ukt-gen-z-dan-paradoks-indonesia-emas,"ukt, gen z, dan paradoks indonesia emas","ukt, gen z, dan paradoks indonesia emas",ukt gen z dan paradoks indonesia emas,ukt gen z dan paradoks indonesia emas,ukt gen z dan paradoks indonesia emas,"['ukt', 'gen', 'z', 'dan', 'paradoks', 'indonesia', 'emas']","['ukt', 'gen', 'z', 'dan', 'paradoks', 'indonesia', 'emas']","['ukt', 'gen', 'z', 'paradoks', 'indonesia', 'emas']","['ukt', 'gen', 'z', 'paradoks', 'indonesia', 'emas']"
"10 Jenis Pekerjaan yang Cocok untuk Gen Z, Apa Saja?",https://finance.detik.com/loker/d-7440658/10-jenis-pekerjaan-yang-cocok-untuk-gen-z-apa-saja,"10 jenis pekerjaan yang cocok untuk gen z, apa saja?","10 jenis pekerjaan yang cocok untuk gen z, apa saja?", jenis pekerjaan yang cocok untuk gen z apa saja, jenis pekerjaan yang cocok untuk gen z apa saja, jenis pekerjaan yang cocok untuk gen z apa saja,"['jenis', 'pekerjaan', 'yang', 'cocok', 'untuk', 'gen', 'z', 'apa', 'saja']","['jenis', 'pekerjaan', 'yang', 'cocok', 'untuk', 'gen', 'z', 'apa', 'saja']","['jenis', 'pekerjaan', 'cocok', 'gen', 'z']","['jenis', 'pekerjaan', 'cocok', 'gen', 'z']"
"Wastra Kiwari dari Danar Hadi, Hadirkan Batik Modern untuk Gen Z",https://wolipop.detik.com/foto-fashion/d-7553455/wastra-kiwari-dari-danar-hadi-hadirkan-batik-modern-untuk-gen-z,"wastra kiwari dari danar hadi, hadirkan batik modern untuk gen z","wastra kiwari dari danar hadi, hadirkan batik modern untuk gen z",wastra kiwari dari danar hadi hadirkan batik modern untuk gen z,wastra kiwari dari danar hadi hadirkan batik modern untuk gen z,wastra kiwari dari danar hadi hadirkan batik modern untuk gen z,"['wastra', 'kiwari', 'dari', 'danar', 'hadi', 'hadirkan', 'batik', 'modern', 'untuk', 'gen', 'z']","['wastra', 'kiwari', 'dari', 'danar', 'hadi', 'hadirkan', 'batik', 'modern', 'untuk', 'gen', 'z']","['wastra', 'kiwari', 'danar', 'hadi', 'hadirkan', 'batik', 'modern', 'gen', 'z']","['wastra', 'kiwari', 'danar', 'hadi', 'hadir', 'batik', 'modern', 'gen', 'z']"
Video: Gen Z Bicara soal Rentan Depresi,https://health.detik.com/detiktv/d-7584208/video-gen-z-bicara-soal-rentan-depresi,video: gen z bicara soal rentan depresi,video: gen z bicara soal rentan depresi,video gen z bicara soal rentan depresi,video gen z bicara soal rentan depresi,video gen z bicara soal rentan depresi,"['video', 'gen', 'z', 'bicara', 'soal', 'rentan', 'depresi']","['video', 'gen', 'z', 'bicara', 'soal', 'rentan', 'depresi']","['video', 'gen', 'z', 'bicara', 'rentan', 'depresi']","['video', 'gen', 'z', 'bicara', 'rentan', 'depresi']"
62% Gen Z Pentingkan Harga Diri Ketika Cari Pekerjaan,https://finance.detik.com/lainnya/d-7612459/62-gen-z-pentingkan-harga-diri-ketika-cari-pekerjaan,62% gen z pentingkan harga diri ketika cari pekerjaan,62% gen z pentingkan harga diri ketika cari pekerjaan, gen z pentingkan harga diri ketika cari pekerjaan, gen z pentingkan harga diri ketika cari pekerjaan, gen z pentingkan harga diri ketika cari pekerjaan,"['gen', 'z', 'pentingkan', 'harga', 'diri', 'ketika', 'cari', 'pekerjaan']","['gen', 'z', 'pentingkan', 'harga', 'diri', 'ketika', 'cari', 'pekerjaan']","['gen', 'z', 'pentingkan', 'harga', 'cari', 'pekerjaan']","['gen', 'z', 'penting', 'harga', 'cari', 'pekerjaan']"
Hasil Survei: Bank Digital RI Tumbuh Pesat Gegara Gen Z,https://finance.detik.com/moneter/d-7430230/hasil-survei-bank-digital-ri-tumbuh-pesat-gegara-gen-z,hasil survei: bank digital ri tumbuh pesat gegara gen z,hasil survei: bank digital ri tumbuh pesat gegara gen z,hasil survei bank digital ri tumbuh pesat gegara gen z,hasil survei bank digital ri tumbuh pesat gegara gen z,hasil survei bank digital ri tumbuh pesat gegara gen z,"['hasil', 'survei', 'bank', 'digital', 'ri', 'tumbuh', 'pesat', 'gegara', 'gen', 'z']","['hasil', 'survei', 'bank', 'digital', 'ri', 'tumbuh', 'pesat', 'gegara', 'gen', 'z']","['hasil', 'survei', 'bank', 'digital', 'ri', 'tumbuh', 'pesat', 'gegara', 'gen', 'z']","['hasil', 'survei', 'bank', 'digital', 'ri', 'tumbuh', 'pesat', 'gegara', 'gen', 'z']"
Terungkap Biang Kerok Gen Z Terjerat Pinjol & Judi Online,https://finance.detik.com/fintech/d-7470024/terungkap-biang-kerok-gen-z-terjerat-pinjol-judi-online,terungkap biang kerok gen z terjerat pinjol & judi online,terungkap biang kerok gen z terjerat pinjol & judi online,terungkap biang kerok gen z terjerat pinjol  judi online,terungkap biang kerok gen z terjerat pinjol  judi online,terungkap biang kerok gen z terjerat pinjol  judi online,"['terungkap', 'biang', 'kerok', 'gen', 'z', 'terjerat', 'pinjol', 'judi', 'online']","['terungkap', 'biang', 'kerok', 'gen', 'z', 'terjerat', 'pinjol', 'judi', 'online']","['terungkap', 'biang', 'kerok', 'gen', 'z', 'terjerat', 'pinjol', 'judi', 'online']","['terungkap', 'biang', 'kerok', 'gen', 'z', 'terjerat', 'pinjol', 'judi', 'online']"
Survei Ungkap 83% Gen Z Lebih Mementingkan Teman daripada Percintaan,https://wolipop.detik.com/love/d-7497653/survei-ungkap-83-gen-z-lebih-mementingkan-teman-daripada-percintaan,survei ungkap 83% gen z lebih mementingkan teman daripada percintaan,survei ungkap 83% gen z lebih mementingkan teman daripada percintaan,survei ungkap  gen z lebih mementingkan teman daripada percintaan,survei ungkap  gen z lebih mementingkan teman daripada percintaan,survei ungkap  gen z lebih mementingkan teman daripada percintaan,"['survei', 'ungkap', 'gen', 'z', 'lebih', 'mementingkan', 'teman', 'daripada', 'percintaan']","['survei', 'ungkap', 'gen', 'z', 'lebih', 'mementingkan', 'teman', 'daripada', 'percintaan']","['survei', 'gen', 'z', 'mementingkan', 'teman', 'percintaan']","['survei', 'gen', 'z', 'menting', 'teman', 'percintaan']"
Ini Alasan Gen Z Lebih Sering Izin Sakit ketimbang Generasi Sebelumnya,https://www.detik.com/sumut/berita/d-7529060/ini-alasan-gen-z-lebih-sering-izin-sakit-ketimbang-generasi-sebelumnya,ini alasan gen z lebih sering izin sakit ketimbang generasi sebelumnya,ini alasan gen z lebih sering izin sakit ketimbang generasi sebelumnya,ini alasan gen z lebih sering izin sakit ketimbang generasi sebelumnya,ini alasan gen z lebih sering izin sakit ketimbang generasi sebelumnya,ini alasan gen z lebih sering izin sakit ketimbang generasi sebelumnya,"['ini', 'alasan', 'gen', 'z', 'lebih', 'sering', 'izin', 'sakit', 'ketimbang', 'generasi', 'sebelumnya']","['ini', 'alasan', 'gen', 'z', 'lebih', 'sering', 'izin', 'sakit', 'ketimbang', 'generasi', 'sebelumnya']","['alasan', 'gen', 'z', 'izin', 'sakit', 'ketimbang', 'generasi']","['alasan', 'gen', 'z', 'izin', 'sakit', 'ketimbang', 'generasi']"
Gen Z Gerah Birokrasi dan Berpotensi Kerja di Luar Negeri,https://finance.detik.com/berita-ekonomi-bisnis/d-7405053/gen-z-gerah-birokrasi-dan-berpotensi-kerja-di-luar-negeri,gen z gerah birokrasi dan berpotensi kerja di luar negeri,gen z gerah birokrasi dan berpotensi kerja di luar negeri,gen z gerah birokrasi dan berpotensi kerja di luar negeri,gen z gerah birokrasi dan berpotensi kerja di luar negeri,gen z gerah birokrasi dan berpotensi kerja di luar negeri,"['gen', 'z', 'gerah', 'birokrasi', 'dan', 'berpotensi', 'kerja', 'di', 'luar', 'negeri']","['gen', 'z', 'gerah', 'birokrasi', 'dan', 'berpotensi', 'kerja', 'di', 'luar', 'negeri']","['gen', 'z', 'gerah', 'birokrasi', 'berpotensi', 'kerja', 'negeri']","['gen', 'z', 'gerah', 'birokrasi', 'berpotensi', 'kerja', 'negeri']"
Tips & Trik Menyimpan Uang Untuk Gen Z,https://20.detik.com/detik-sore/20241106-241106138/tips-trik-menyimpan-uang-untuk-gen-z,tips & trik menyimpan uang untuk gen z,tips & trik menyimpan uang untuk gen z,tips  trik menyimpan uang untuk gen z,tips  trik menyimpan uang untuk gen z,tips  trik menyimpan uang untuk gen z,"['tips', 'trik', 'menyimpan', 'uang', 'untuk', 'gen', 'z']","['tips', 'trik', 'menyimpan', 'uang', 'untuk', 'gen', 'z']","['tips', 'trik', 'menyimpan', 'uang', 'gen', 'z']","['tips', 'trik', 'nyimpan', 'uang', 'gen', 'z']"
"3.700 Warga Singapura Diprediksi Kena Demensia Dini, Termasuk Gen Z",https://health.detik.com/berita-detikhealth/d-7528292/3-700-warga-singapura-diprediksi-kena-demensia-dini-termasuk-gen-z,"3.700 warga singapura diprediksi kena demensia dini, termasuk gen z","3.700 warga singapura diprediksi kena demensia dini, termasuk gen z", warga singapura diprediksi kena demensia dini termasuk gen z, warga singapura diprediksi kena demensia dini termasuk gen z, warga singapura diprediksi kena demensia dini termasuk gen z,"['warga', 'singapura', 'diprediksi', 'kena', 'demensia', 'dini', 'termasuk', 'gen', 'z']","['warga', 'singapura', 'diprediksi', 'kena', 'demensia', 'dini', 'termasuk', 'gen', 'z']","['warga', 'singapura', 'diprediksi', 'kena', 'demensia', 'gen', 'z']","['warga', 'singapura', 'diprediksi', 'kena', 'demensia', 'gen', 'z']"
"Gen Z Bisa Bantu Dorong Ekonomi RI, Begini Caranya",https://finance.detik.com/berita-ekonomi-bisnis/d-7380097/gen-z-bisa-bantu-dorong-ekonomi-ri-begini-caranya,"gen z bisa bantu dorong ekonomi ri, begini caranya","gen z bisa bantu dorong ekonomi ri, begini caranya",gen z bisa bantu dorong ekonomi ri begini caranya,gen z bisa bantu dorong ekonomi ri begini caranya,gen z bisa bantu dorong ekonomi ri begini caranya,"['gen', 'z', 'bisa', 'bantu', 'dorong', 'ekonomi', 'ri', 'begini', 'caranya']","['gen', 'z', 'bisa', 'bantu', 'dorong', 'ekonomi', 'ri', 'begini', 'caranya']","['gen', 'z', 'bantu', 'dorong', 'ekonomi', 'ri']","['gen', 'z', 'bantu', 'dorong', 'ekonomi', 'ri']"
Pramono Anung Belajar dari Anak untuk Gaet Suara Pemilih Gen Z,https://news.detik.com/pilkada/d-7562180/pramono-anung-belajar-dari-anak-untuk-gaet-suara-pemilih-gen-z,pramono anung belajar dari anak untuk gaet suara pemilih gen z,pramono anung belajar dari anak untuk gaet suara pemilih gen z,pramono anung belajar dari anak untuk gaet suara pemilih gen z,pramono anung belajar dari anak untuk gaet suara pemilih gen z,pramono anung belajar dari anak untuk gaet suara pemilih gen z,"['pramono', 'anung', 'belajar', 'dari', 'anak', 'untuk', 'gaet', 'suara', 'pemilih', 'gen', 'z']","['pramono', 'anung', 'belajar', 'dari', 'anak', 'untuk', 'gaet', 'suara', 'pemilih', 'gen', 'z']","['pramono', 'anung', 'belajar', 'anak', 'gaet', 'suara', 'pemilih', 'gen', 'z']","['pramono', 'anung', 'belajar', 'anak', 'gaet', 'suara', 'pemilih', 'gen', 'z']"
"10 Meme Teknologi Jadul, Mari Kita Buat Gen Z Bingung",https://inet.detik.com/fotoinet/d-7540130/10-meme-teknologi-jadul-mari-kita-buat-gen-z-bingung,"10 meme teknologi jadul, mari kita buat gen z bingung","10 meme teknologi jadul, mari kita buat gen z bingung", meme teknologi jadul mari kita buat gen z bingung, meme teknologi jadul mari kita buat gen z bingung, meme teknologi jadul mari kita buat gen z bingung,"['meme', 'teknologi', 'jadul', 'mari', 'kita', 'buat', 'gen', 'z', 'bingung']","['meme', 'teknologi', 'jadul', 'mari', 'kita', 'buat', 'gen', 'z', 'bingung']","['meme', 'teknologi', 'jadul', 'mari', 'gen', 'z', 'bingung']","['me', 'teknologi', 'jadul', 'mari', 'gen', 'z', 'bingung']"
Saran Guru Besar UI untuk Masalah Pengangguran dari Gen Z,https://www.detik.com/edu/detikpedia/d-7445879/saran-guru-besar-ui-untuk-masalah-pengangguran-dari-gen-z,saran guru besar ui untuk masalah pengangguran dari gen z,saran guru besar ui untuk masalah pengangguran dari gen z,saran guru besar ui untuk masalah pengangguran dari gen z,saran guru besar ui untuk masalah pengangguran dari gen z,saran guru besar ui untuk masalah pengangguran dari gen z,"['saran', 'guru', 'besar', 'ui', 'untuk', 'masalah', 'pengangguran', 'dari', 'gen', 'z']","['saran', 'guru', 'besar', 'ui', 'untuk', 'masalah', 'pengangguran', 'dari', 'gen', 'z']","['saran', 'guru', 'ui', 'pengangguran', 'gen', 'z']","['saran', 'guru', 'ui', 'pengangguran', 'gen', 'z']"
Gen Z di AS Disebut Sulit Beli Rumah dan Investasi,https://finance.detik.com/berita-ekonomi-bisnis/d-7433240/gen-z-di-as-disebut-sulit-beli-rumah-dan-investasi,gen z di as disebut sulit beli rumah dan investasi,gen z di as disebut sulit beli rumah dan investasi,gen z di as disebut sulit beli rumah dan investasi,gen z di as disebut sulit beli rumah dan investasi,gen z di as disebut sulit beli rumah dan investasi,"['gen', 'z', 'di', 'as', 'disebut', 'sulit', 'beli', 'rumah', 'dan', 'investasi']","['gen', 'z', 'di', 'disebut', 'sulit', 'beli', 'rumah', 'dan', 'investasi']","['gen', 'z', 'sulit', 'beli', 'rumah', 'investasi']","['gen', 'z', 'sulit', 'beli', 'rumah', 'investasi']"
Studi: Baby Boomer Jadi Generasi Terkaya Dibandingkan Milenial & Z,https://www.detik.com/edu/detikpedia/d-7635052/studi-baby-boomer-jadi-generasi-terkaya-dibandingkan-milenial-z,studi: baby boomer jadi generasi terkaya dibandingkan milenial & z,studi: baby boomer jadi generasi terkaya dibandingkan milenial & z,studi baby boomer jadi generasi terkaya dibandingkan milenial  z,studi baby boomer jadi generasi terkaya dibandingkan milenial  z,studi baby boomer jadi generasi terkaya dibandingkan milenial  z,"['studi', 'baby', 'boomer', 'jadi', 'generasi', 'terkaya', 'dibandingkan', 'milenial', 'z']","['studi', 'baby', 'boomer', 'jadi', 'generasi', 'terkaya', 'dibandingkan', 'milenial', 'z']","['studi', 'baby', 'boomer', 'generasi', 'terkaya', 'dibandingkan', 'milenial', 'z']","['studi', 'baby', 'boomer', 'generasi', 'terkaya', 'dibanding', 'milenial', 'z']"
"Yang Lain Sibuk Nyari Lowongan Kerja, Gen Z Ini Lolos Jadi Anggota DPR",https://finance.detik.com/berita-ekonomi-bisnis/d-7566280/yang-lain-sibuk-nyari-lowongan-kerja-gen-z-ini-lolos-jadi-anggota-dpr,"yang lain sibuk nyari lowongan kerja, gen z ini lolos jadi anggota dpr","yang lain sibuk nyari lowongan kerja, gen z ini lolos jadi anggota dpr",yang lain sibuk nyari lowongan kerja gen z ini lolos jadi anggota dpr,yang lain sibuk nyari lowongan kerja gen z ini lolos jadi anggota dpr,yang lain sibuk nyari lowongan kerja gen z ini lolos jadi anggota dpr,"['yang', 'lain', 'sibuk', 'nyari', 'lowongan', 'kerja', 'gen', 'z', 'ini', 'lolos', 'jadi', 'anggota', 'dpr']","['yang', 'lain', 'sibuk', 'nyari', 'lowongan', 'kerja', 'gen', 'z', 'ini', 'lolos', 'jadi', 'anggota', 'dpr']","['sibuk', 'nyari', 'lowongan', 'kerja', 'gen', 'z', 'lolos', 'anggota', 'dpr']","['sibuk', 'nyari', 'lowongan', 'kerja', 'gen', 'z', 'lolos', 'anggota', 'dpr']"
Survei: Gen Z Lebih Senang Pergi ke Destinasi Murah dan Punya Teknologi Mutakhir,https://travel.detik.com/travel-news/d-7614799/survei-gen-z-lebih-senang-pergi-ke-destinasi-murah-dan-punya-teknologi-mutakhir,survei: gen z lebih senang pergi ke destinasi murah dan punya teknologi mutakhir,survei: gen z lebih senang pergi ke destinasi murah dan punya teknologi mutakhir,survei gen z lebih senang pergi ke destinasi murah dan punya teknologi mutakhir,survei gen z lebih senang pergi ke destinasi murah dan punya teknologi mutakhir,survei gen z lebih senang pergi ke destinasi murah dan punya teknologi mutakhir,"['survei', 'gen', 'z', 'lebih', 'senang', 'pergi', 'ke', 'destinasi', 'murah', 'dan', 'punya', 'teknologi', 'mutakhir']","['survei', 'gen', 'z', 'lebih', 'senang', 'pergi', 'ke', 'destinasi', 'murah', 'dan', 'punya', 'teknologi', 'mutakhir']","['survei', 'gen', 'z', 'senang', 'pergi', 'destinasi', 'murah', 'teknologi', 'mutakhir']","['survei', 'gen', 'z', 'senang', 'pergi', 'destinasi', 'murah', 'teknologi', 'mutakhir']"
"Tapera di Mata Gen Z, Untung atau Buntung?",https://finance.detik.com/moneter/d-7394504/tapera-di-mata-gen-z-untung-atau-buntung,"tapera di mata gen z, untung atau buntung?","tapera di mata gen z, untung atau buntung?",tapera di mata gen z untung atau buntung,tapera di mata gen z untung atau buntung,tapera di mata gen z untung atau buntung,"['tapera', 'di', 'mata', 'gen', 'z', 'untung', 'atau', 'buntung']","['tapera', 'di', 'mata', 'gen', 'z', 'untung', 'atau', 'buntung']","['tapera', 'mata', 'gen', 'z', 'untung', 'buntung']","['tapera', 'mata', 'gen', 'z', 'untung', 'buntung']"
"Teruntuk Gen Z, Ini Caranya Biar Nggak Dicap Generasi Lembek",https://health.detik.com/detiktv/d-7388606/teruntuk-gen-z-ini-caranya-biar-nggak-dicap-generasi-lembek,"teruntuk gen z, ini caranya biar nggak dicap generasi lembek","teruntuk gen z, ini caranya biar nggak dicap generasi lembek",teruntuk gen z ini caranya biar nggak dicap generasi lembek,teruntuk gen z ini caranya biar nggak dicap generasi lembek,teruntuk gen z ini caranya biar nggak dicap generasi lembek,"['teruntuk', 'gen', 'z', 'ini', 'caranya', 'biar', 'nggak', 'dicap', 'generasi', 'lembek']","['teruntuk', 'gen', 'z', 'ini', 'caranya', 'biar', 'nggak', 'dicap', 'generasi', 'lembek']","['teruntuk', 'gen', 'z', 'biar', 'nggak', 'dicap', 'generasi', 'lembek']","['teruntuk', 'gen', 'z', 'biar', 'nggak', 'dicap', 'generasi', 'lembek']"
Video: Pramono Ingin Hadirkan Hunian 'Ramah' Gen Z-Generasi Sandwich,https://20.detik.com/detikupdate/20241106-241106119/video-pramono-ingin-hadirkan-hunian-ramah-gen-z-generasi-sandwich,video: pramono ingin hadirkan hunian 'ramah' gen z-generasi sandwich,video: pramono ingin hadirkan hunian 'ramah' gen z-generasi sandwich,video pramono ingin hadirkan hunian ramah gen zgenerasi sandwich,video pramono ingin hadirkan hunian ramah gen zgenerasi sandwich,video pramono ingin hadirkan hunian ramah gen zgenerasi sandwich,"['video', 'pramono', 'ingin', 'hadirkan', 'hunian', 'ramah', 'gen', 'zgenerasi', 'sandwich']","['video', 'pramono', 'ingin', 'hadirkan', 'hunian', 'ramah', 'gen', 'zgenerasi', 'sandwich']","['video', 'pramono', 'hadirkan', 'hunian', 'ramah', 'gen', 'zgenerasi', 'sandwich']","['video', 'pramono', 'hadir', 'hunian', 'ramah', 'gen', 'zgenerasi', 'sandwich']"
Kata Psikolog soal Stigma Gen Z Dicap Lemah,https://health.detik.com/detiktv/d-7388203/kata-psikolog-soal-stigma-gen-z-dicap-lemah,kata psikolog soal stigma gen z dicap lemah,kata psikolog soal stigma gen z dicap lemah,kata psikolog soal stigma gen z dicap lemah,kata psikolog soal stigma gen z dicap lemah,kata psikolog soal stigma gen z dicap lemah,"['kata', 'psikolog', 'soal', 'stigma', 'gen', 'z', 'dicap', 'lemah']","['kata', 'psikolog', 'soal', 'stigma', 'gen', 'z', 'dicap', 'lemah']","['psikolog', 'stigma', 'gen', 'z', 'dicap', 'lemah']","['psikolog', 'stigma', 'gen', 'z', 'dicap', 'lemah']"
Banyak Gen Z Terjerat Pinjol karena Gaya Hidup,https://www.detik.com/jabar/bisnis/d-7458608/banyak-gen-z-terjerat-pinjol-karena-gaya-hidup,banyak gen z terjerat pinjol karena gaya hidup,banyak gen z terjerat pinjol karena gaya hidup,banyak gen z terjerat pinjol karena gaya hidup,banyak gen z terjerat pinjol karena gaya hidup,banyak gen z terjerat pinjol karena gaya hidup,"['banyak', 'gen', 'z', 'terjerat', 'pinjol', 'karena', 'gaya', 'hidup']","['banyak', 'gen', 'z', 'terjerat', 'pinjol', 'karena', 'gaya', 'hidup']","['gen', 'z', 'terjerat', 'pinjol', 'gaya', 'hidup']","['gen', 'z', 'terjerat', 'pinjol', 'gaya', 'hidup']"
Cerita Gen Z di Cirebon Kesusahan Cari Kerja,https://www.detik.com/jabar/cirebon-raya/d-7458050/cerita-gen-z-di-cirebon-kesusahan-cari-kerja,cerita gen z di cirebon kesusahan cari kerja,cerita gen z di cirebon kesusahan cari kerja,cerita gen z di cirebon kesusahan cari kerja,cerita gen z di cirebon kesusahan cari kerja,cerita gen z di cirebon kesusahan cari kerja,"['cerita', 'gen', 'z', 'di', 'cirebon', 'kesusahan', 'cari', 'kerja']","['cerita', 'gen', 'z', 'di', 'cirebon', 'kesusahan', 'cari', 'kerja']","['cerita', 'gen', 'z', 'cirebon', 'kesusahan', 'cari', 'kerja']","['cerita', 'gen', 'z', 'cirebon', 'kesusahan', 'cari', 'kerja']"
Potret Gen Z Asyik Nge-date di Perpustakaan Jakarta,https://travel.detik.com/fototravel/d-7438870/potret-gen-z-asyik-nge-date-di-perpustakaan-jakarta,potret gen z asyik nge-date di perpustakaan jakarta,potret gen z asyik nge-date di perpustakaan jakarta,potret gen z asyik ngedate di perpustakaan jakarta,potret gen z asyik ngedate di perpustakaan jakarta,potret gen z asyik ngedate di perpustakaan jakarta,"['potret', 'gen', 'z', 'asyik', 'ngedate', 'di', 'perpustakaan', 'jakarta']","['potret', 'gen', 'z', 'asyik', 'ngedate', 'di', 'perpustakaan', 'jakarta']","['potret', 'gen', 'z', 'asyik', 'ngedate', 'perpustakaan', 'jakarta']","['potret', 'gen', 'z', 'asyik', 'ngedate', 'perpustakaan', 'jakarta']"
"Gen Z Amerika Tinggalkan Smartphone Pilih HP Jadul, Kok Bisa?",https://www.detik.com/edu/detikpedia/d-7376244/gen-z-amerika-tinggalkan-smartphone-pilih-hp-jadul-kok-bisa,"gen z amerika tinggalkan smartphone pilih hp jadul, kok bisa?","gen z amerika tinggalkan smartphone pilih hp jadul, kok bisa?",gen z amerika tinggalkan smartphone pilih hp jadul kok bisa,gen z amerika tinggalkan smartphone pilih hp jadul kok bisa,gen z amerika tinggalkan smartphone pilih hp jadul kok bisa,"['gen', 'z', 'amerika', 'tinggalkan', 'smartphone', 'pilih', 'hp', 'jadul', 'kok', 'bisa']","['gen', 'z', 'amerika', 'tinggalkan', 'smartphone', 'pilih', 'hp', 'jadul', 'kok', 'bisa']","['gen', 'z', 'amerika', 'tinggalkan', 'smartphone', 'pilih', 'hp', 'jadul']","['gen', 'z', 'amerika', 'tinggal', 'smartphone', 'pilih', 'hp', 'jadul']"
"Tapera di Mata Gen Z, Untung atau Buntung?",https://finance.detik.com/moneter/d-7394119/tapera-di-mata-gen-z-untung-atau-buntung,"tapera di mata gen z, untung atau buntung?","tapera di mata gen z, untung atau buntung?",tapera di mata gen z untung atau buntung,tapera di mata gen z untung atau buntung,tapera di mata gen z untung atau buntung,"['tapera', 'di', 'mata', 'gen', 'z', 'untung', 'atau', 'buntung']","['tapera', 'di', 'mata', 'gen', 'z', 'untung', 'atau', 'buntung']","['tapera', 'mata', 'gen', 'z', 'untung', 'buntung']","['tapera', 'mata', 'gen', 'z', 'untung', 'buntung']"
"Gen Z Lebih Sering Izin Sakit daripada Generasi Sebelumnya, Ini Alasannya",https://wolipop.detik.com/worklife/d-7528086/gen-z-lebih-sering-izin-sakit-daripada-generasi-sebelumnya-ini-alasannya,"gen z lebih sering izin sakit daripada generasi sebelumnya, ini alasannya","gen z lebih sering izin sakit daripada generasi sebelumnya, ini alasannya",gen z lebih sering izin sakit daripada generasi sebelumnya ini alasannya,gen z lebih sering izin sakit daripada generasi sebelumnya ini alasannya,gen z lebih sering izin sakit daripada generasi sebelumnya ini alasannya,"['gen', 'z', 'lebih', 'sering', 'izin', 'sakit', 'daripada', 'generasi', 'sebelumnya', 'ini', 'alasannya']","['gen', 'z', 'lebih', 'sering', 'izin', 'sakit', 'daripada', 'generasi', 'sebelumnya', 'ini', 'alasannya']","['gen', 'z', 'izin', 'sakit', 'generasi', 'alasannya']","['gen', 'z', 'izin', 'sakit', 'generasi', 'alasannya']"
Ini Alasan Mengapa Gen Z Suka Makan 'Lumut Laut',https://food.detik.com/info-kuliner/d-7441784/ini-alasan-mengapa-gen-z-suka-makan-lumut-laut,ini alasan mengapa gen z suka makan 'lumut laut',ini alasan mengapa gen z suka makan 'lumut laut',ini alasan mengapa gen z suka makan lumut laut,ini alasan mengapa gen z suka makan lumut laut,ini alasan mengapa gen z suka makan lumut laut,"['ini', 'alasan', 'mengapa', 'gen', 'z', 'suka', 'makan', 'lumut', 'laut']","['ini', 'alasan', 'mengapa', 'gen', 'z', 'suka', 'makan', 'lumut', 'laut']","['alasan', 'gen', 'z', 'suka', 'makan', 'lumut', 'laut']","['alasan', 'gen', 'z', 'suka', 'ma', 'lumut', 'laut']"
Marina Beauty Journey 2024 Ajak Gen Z Cintai Budaya Lokal,https://wolipop.detik.com/entertainment-news/d-7372816/marina-beauty-journey-2024-ajak-gen-z-cintai-budaya-lokal,marina beauty journey 2024 ajak gen z cintai budaya lokal,marina beauty journey 2024 ajak gen z cintai budaya lokal,marina beauty journey  ajak gen z cintai budaya lokal,marina beauty journey  ajak gen z cintai budaya lokal,marina beauty journey  ajak gen z cintai budaya lokal,"['marina', 'beauty', 'journey', 'ajak', 'gen', 'z', 'cintai', 'budaya', 'lokal']","['marina', 'beauty', 'journey', 'ajak', 'gen', 'z', 'cintai', 'budaya', 'lokal']","['marina', 'beauty', 'journey', 'ajak', 'gen', 'z', 'cintai', 'budaya', 'lokal']","['marina', 'beauty', 'journey', 'ajak', 'gen', 'z', 'cintai', 'budaya', 'lokal']"
Wabup Klaten Ingatkan Gen Z dan Milenial Jangan Lupakan Sejarah,https://www.detik.com/jateng/berita/d-7415014/wabup-klaten-ingatkan-gen-z-dan-milenial-jangan-lupakan-sejarah,wabup klaten ingatkan gen z dan milenial jangan lupakan sejarah,wabup klaten ingatkan gen z dan milenial jangan lupakan sejarah,wabup klaten ingatkan gen z dan milenial jangan lupakan sejarah,wabup klaten ingatkan gen z dan milenial jangan lupakan sejarah,wabup klaten ingatkan gen z dan milenial jangan lupakan sejarah,"['wabup', 'klaten', 'ingatkan', 'gen', 'z', 'dan', 'milenial', 'jangan', 'lupakan', 'sejarah']","['wabup', 'klaten', 'ingatkan', 'gen', 'z', 'dan', 'milenial', 'jangan', 'lupakan', 'sejarah']","['wabup', 'klaten', 'ingatkan', 'gen', 'z', 'milenial', 'lupakan', 'sejarah']","['wabup', 'klaten', 'ingat', 'gen', 'z', 'milenial', 'lupa', 'sejarah']"
Negara Wajib Peduli Masa Depan dan Tantangan Gen-Z,https://news.detik.com/kolom/d-7368450/negara-wajib-peduli-masa-depan-dan-tantangan-gen-z,negara wajib peduli masa depan dan tantangan gen-z,negara wajib peduli masa depan dan tantangan gen-z,negara wajib peduli masa depan dan tantangan genz,negara wajib peduli masa depan dan tantangan genz,negara wajib peduli masa depan dan tantangan genz,"['negara', 'wajib', 'peduli', 'masa', 'depan', 'dan', 'tantangan', 'genz']","['negara', 'wajib', 'peduli', 'masa', 'depan', 'dan', 'tantangan', 'genz']","['negara', 'wajib', 'peduli', 'tantangan', 'genz']","['negara', 'wajib', 'peduli', 'tantangan', 'genz']"
Solusi Investasi Masalah Klasik Antara Beli atau Sewa Rumah,https://20.detik.com/detik-sore/20241023-241023126/solusi-investasi-masalah-klasik-antara-beli-atau-sewa-rumah,solusi investasi masalah klasik antara beli atau sewa rumah,solusi investasi masalah klasik antara beli atau sewa rumah,solusi investasi masalah klasik antara beli atau sewa rumah,solusi investasi masalah klasik antara beli atau sewa rumah,solusi investasi masalah klasik antara beli atau sewa rumah,"['solusi', 'investasi', 'masalah', 'klasik', 'antara', 'beli', 'atau', 'sewa', 'rumah']","['solusi', 'investasi', 'masalah', 'klasik', 'antara', 'beli', 'atau', 'sewa', 'rumah']","['solusi', 'investasi', 'klasik', 'beli', 'sewa', 'rumah']","['solusi', 'investasi', 'klasik', 'beli', 'sewa', 'rumah']"
Arti Bahasa Gaul Ege yang Viral dan Banyak Digunakan Gen Z,https://wolipop.detik.com/entertainment-news/d-7566142/arti-bahasa-gaul-ege-yang-viral-dan-banyak-digunakan-gen-z,arti bahasa gaul ege yang viral dan banyak digunakan gen z,arti bahasa gaul ege yang viral dan banyak digunakan gen z,arti bahasa gaul ege yang viral dan banyak digunakan gen z,arti bahasa gaul ege yang viral dan banyak digunakan gen z,arti bahasa gaul ege yang viral dan banyak digunakan gen z,"['arti', 'bahasa', 'gaul', 'ege', 'yang', 'viral', 'dan', 'banyak', 'digunakan', 'gen', 'z']","['arti', 'bahasa', 'gaul', 'ege', 'yang', 'viral', 'dan', 'banyak', 'digunakan', 'gen', 'z']","['arti', 'bahasa', 'gaul', 'ege', 'viral', 'gen', 'z']","['arti', 'bahasa', 'gaul', 'ege', 'viral', 'gen', 'z']"
"Rano Karno soal Live TikTok Raih Suara Gen Z: Kite Malu, Umur Udah Tua",https://news.detik.com/detiktv/d-7539453/rano-karno-soal-live-tiktok-raih-suara-gen-z-kite-malu-umur-udah-tua,"rano karno soal live tiktok raih suara gen z: kite malu, umur udah tua","rano karno soal live tiktok raih suara gen z: kite malu, umur udah tua",rano karno soal live tiktok raih suara gen z kite malu umur udah tua,rano karno soal live tiktok raih suara gen z kite malu umur udah tua,rano karno soal live tiktok raih suara gen z kite malu umur udah tua,"['rano', 'karno', 'soal', 'live', 'tiktok', 'raih', 'suara', 'gen', 'z', 'kite', 'malu', 'umur', 'udah', 'tua']","['rano', 'karno', 'soal', 'live', 'tiktok', 'raih', 'suara', 'gen', 'z', 'kite', 'malu', 'umur', 'udah', 'tua']","['rano', 'karno', 'live', 'tiktok', 'raih', 'suara', 'gen', 'z', 'kite', 'malu', 'umur', 'udah', 'tua']","['rano', 'karno', 'live', 'tiktok', 'raih', 'suara', 'gen', 'z', 'kite', 'malu', 'umur', 'udah', 'tua']"
Beberapa Alasan Kenapa Apartemen Cocok Buat Milenial-Gen Z,https://www.detik.com/properti/berita/d-7369717/beberapa-alasan-kenapa-apartemen-cocok-buat-milenial-gen-z,beberapa alasan kenapa apartemen cocok buat milenial-gen z,beberapa alasan kenapa apartemen cocok buat milenial-gen z,beberapa alasan kenapa apartemen cocok buat milenialgen z,beberapa alasan kenapa apartemen cocok buat milenialgen z,beberapa alasan kenapa apartemen cocok buat milenialgen z,"['beberapa', 'alasan', 'kenapa', 'apartemen', 'cocok', 'buat', 'milenialgen', 'z']","['beberapa', 'alasan', 'kenapa', 'apartemen', 'cocok', 'buat', 'milenialgen', 'z']","['alasan', 'apartemen', 'cocok', 'milenialgen', 'z']","['alasan', 'apartemen', 'cocok', 'milenialgen', 'z']"
"Adu Gaya WAGs Tenis di Wimbledon 2024, Didominasi Influencer Gen Z",https://wolipop.detik.com/celeb-style/d-7433704/adu-gaya-wags-tenis-di-wimbledon-2024-didominasi-influencer-gen-z,"adu gaya wags tenis di wimbledon 2024, didominasi influencer gen z","adu gaya wags tenis di wimbledon 2024, didominasi influencer gen z",adu gaya wags tenis di wimbledon  didominasi influencer gen z,adu gaya wags tenis di wimbledon  didominasi influencer gen z,adu gaya wags tenis di wimbledon  didominasi influencer gen z,"['adu', 'gaya', 'wags', 'tenis', 'di', 'wimbledon', 'didominasi', 'influencer', 'gen', 'z']","['adu', 'gaya', 'wags', 'tenis', 'di', 'wimbledon', 'didominasi', 'influencer', 'gen', 'z']","['adu', 'gaya', 'wags', 'tenis', 'wimbledon', 'didominasi', 'influencer', 'gen', 'z']","['adu', 'gaya', 'wags', 'tenis', 'wimbledon', 'didominasi', 'influencer', 'gen', 'z']"
Harga Diri Jadi Fokus Gen Z dalam Mencari Pekerjaan,https://www.detik.com/sumut/berita/d-7612957/harga-diri-jadi-fokus-gen-z-dalam-mencari-pekerjaan,harga diri jadi fokus gen z dalam mencari pekerjaan,harga diri jadi fokus gen z dalam mencari pekerjaan,harga diri jadi fokus gen z dalam mencari pekerjaan,harga diri jadi fokus gen z dalam mencari pekerjaan,harga diri jadi fokus gen z dalam mencari pekerjaan,"['harga', 'diri', 'jadi', 'fokus', 'gen', 'z', 'dalam', 'mencari', 'pekerjaan']","['harga', 'diri', 'jadi', 'fokus', 'gen', 'z', 'dalam', 'mencari', 'pekerjaan']","['harga', 'fokus', 'gen', 'z', 'mencari', 'pekerjaan']","['harga', 'fokus', 'gen', 'z', 'ncari', 'pekerjaan']"
Ternyata Bisa Yura! Gen Z UMR Bisa Beli Rumah Pakai Cara Ini,https://www.detik.com/properti/kepemilikan-rumah/d-7496080/ternyata-bisa-yura-gen-z-umr-bisa-beli-rumah-pakai-cara-ini,ternyata bisa yura! gen z umr bisa beli rumah pakai cara ini,ternyata bisa yura! gen z umr bisa beli rumah pakai cara ini,ternyata bisa yura gen z umr bisa beli rumah pakai cara ini,ternyata bisa yura gen z umr bisa beli rumah pakai cara ini,ternyata bisa yura gen z umr bisa beli rumah pakai cara ini,"['ternyata', 'bisa', 'yura', 'gen', 'z', 'umr', 'bisa', 'beli', 'rumah', 'pakai', 'cara', 'ini']","['ternyata', 'bisa', 'yura', 'gen', 'z', 'umr', 'bisa', 'beli', 'rumah', 'pakai', 'cara', 'ini']","['yura', 'gen', 'z', 'umr', 'beli', 'rumah', 'pakai']","['yura', 'gen', 'z', 'umr', 'beli', 'rumah', 'pakai']"
Gen Z Pelamar Kerja Ramai-ramai Pasang Tagar #DESPERATE di Profil LinkedIn,https://wolipop.detik.com/worklife/d-7568746/gen-z-pelamar-kerja-ramai-ramai-pasang-tagar-desperate-di-profil-linkedin,gen z pelamar kerja ramai-ramai pasang tagar #desperate di profil linkedin,gen z pelamar kerja ramai-ramai pasang tagar #desperate di profil linkedin,gen z pelamar kerja ramairamai pasang tagar desperate di profil linkedin,gen z pelamar kerja ramairamai pasang tagar desperate di profil linkedin,gen z pelamar kerja ramairamai pasang tagar desperate di profil linkedin,"['gen', 'z', 'pelamar', 'kerja', 'ramairamai', 'pasang', 'tagar', 'desperate', 'di', 'profil', 'linkedin']","['gen', 'z', 'pelamar', 'kerja', 'ramairamai', 'pasang', 'tagar', 'desperate', 'di', 'profil', 'linkedin']","['gen', 'z', 'pelamar', 'kerja', 'ramairamai', 'pasang', 'tagar', 'desperate', 'profil', 'linkedin']","['gen', 'z', 'pelamar', 'kerja', 'ramairamai', 'pasang', 'tagar', 'desperate', 'profil', 'linkedin']"
"Gen Z Pilih Makanan Tidak Enak Demi Sehat, Tapi Bingung Cara Diet Seimbang",https://wolipop.detik.com/health-and-diet/d-7522779/gen-z-pilih-makanan-tidak-enak-demi-sehat-tapi-bingung-cara-diet-seimbang,"gen z pilih makanan tidak enak demi sehat, tapi bingung cara diet seimbang","gen z pilih makanan tidak enak demi sehat, tapi bingung cara diet seimbang",gen z pilih makanan tidak enak demi sehat tapi bingung cara diet seimbang,gen z pilih makanan tidak enak demi sehat tapi bingung cara diet seimbang,gen z pilih makanan tidak enak demi sehat tapi bingung cara diet seimbang,"['gen', 'z', 'pilih', 'makanan', 'tidak', 'enak', 'demi', 'sehat', 'tapi', 'bingung', 'cara', 'diet', 'seimbang']","['gen', 'z', 'pilih', 'makanan', 'tidak', 'enak', 'demi', 'sehat', 'tapi', 'bingung', 'cara', 'diet', 'seimbang']","['gen', 'z', 'pilih', 'makanan', 'enak', 'sehat', 'bingung', 'diet', 'seimbang']","['gen', 'z', 'pilih', 'makanan', 'enak', 'sehat', 'bingung', 'diet', 'seimbang']"
Dilema Jutaan Gen-Z di Jabar Jadi Pengangguran,https://www.detik.com/jabar/berita/d-7363701/dilema-jutaan-gen-z-di-jabar-jadi-pengangguran,dilema jutaan gen-z di jabar jadi pengangguran,dilema jutaan gen-z di jabar jadi pengangguran,dilema jutaan genz di jabar jadi pengangguran,dilema jutaan genz di jabar jadi pengangguran,dilema jutaan genz di jabar jadi pengangguran,"['dilema', 'jutaan', 'genz', 'di', 'jabar', 'jadi', 'pengangguran']","['dilema', 'jutaan', 'genz', 'di', 'jabar', 'jadi', 'pengangguran']","['dilema', 'jutaan', 'genz', 'jabar', 'pengangguran']","['dilema', 'jutaan', 'genz', 'jabar', 'pengangguran']"
Cawagub Emil Jelaskan Cara Gen Z Ponorogo Dapat Kerja Pakai Portofolio,https://www.detik.com/jatim/pilkada/d-7627751/cawagub-emil-jelaskan-cara-gen-z-ponorogo-dapat-kerja-pakai-portofolio,cawagub emil jelaskan cara gen z ponorogo dapat kerja pakai portofolio,cawagub emil jelaskan cara gen z ponorogo dapat kerja pakai portofolio,cawagub emil jelaskan cara gen z ponorogo dapat kerja pakai portofolio,cawagub emil jelaskan cara gen z ponorogo dapat kerja pakai portofolio,cawagub emil jelaskan cara gen z ponorogo dapat kerja pakai portofolio,"['cawagub', 'emil', 'jelaskan', 'cara', 'gen', 'z', 'ponorogo', 'dapat', 'kerja', 'pakai', 'portofolio']","['cawagub', 'emil', 'jelaskan', 'cara', 'gen', 'z', 'ponorogo', 'dapat', 'kerja', 'pakai', 'portofolio']","['cawagub', 'emil', 'gen', 'z', 'ponorogo', 'kerja', 'pakai', 'portofolio']","['cawagub', 'emil', 'gen', 'z', 'ponorogo', 'kerja', 'pakai', 'portofolio']"
"Terungkap Gen Z Stres Saat Terima Email Pekerjaan, Ini Alasannya",https://wolipop.detik.com/worklife/d-7321751/terungkap-gen-z-stres-saat-terima-email-pekerjaan-ini-alasannya,"terungkap gen z stres saat terima email pekerjaan, ini alasannya","terungkap gen z stres saat terima email pekerjaan, ini alasannya",terungkap gen z stres saat terima email pekerjaan ini alasannya,terungkap gen z stres saat terima email pekerjaan ini alasannya,terungkap gen z stres saat terima email pekerjaan ini alasannya,"['terungkap', 'gen', 'z', 'stres', 'saat', 'terima', 'email', 'pekerjaan', 'ini', 'alasannya']","['terungkap', 'gen', 'z', 'stres', 'saat', 'terima', 'email', 'pekerjaan', 'ini', 'alasannya']","['terungkap', 'gen', 'z', 'stres', 'terima', 'email', 'pekerjaan', 'alasannya']","['terungkap', 'gen', 'z', 'stres', 'terima', 'email', 'pekerjaan', 'alasannya']"
Video: RK Akan Kolaborasi dengan Pemerintah Pusat Bangun Rumah Ramah Gen Z,https://20.detik.com/detikupdate/20241013-241013079/video-rk-akan-kolaborasi-dengan-pemerintah-pusat-bangun-rumah-ramah-gen-z,video: rk akan kolaborasi dengan pemerintah pusat bangun rumah ramah gen z,video: rk akan kolaborasi dengan pemerintah pusat bangun rumah ramah gen z,video rk akan kolaborasi dengan pemerintah pusat bangun rumah ramah gen z,video rk akan kolaborasi dengan pemerintah pusat bangun rumah ramah gen z,video rk akan kolaborasi dengan pemerintah pusat bangun rumah ramah gen z,"['video', 'rk', 'akan', 'kolaborasi', 'dengan', 'pemerintah', 'pusat', 'bangun', 'rumah', 'ramah', 'gen', 'z']","['video', 'rk', 'akan', 'kolaborasi', 'dengan', 'pemerintah', 'pusat', 'bangun', 'rumah', 'ramah', 'gen', 'z']","['video', 'rk', 'kolaborasi', 'pemerintah', 'pusat', 'bangun', 'rumah', 'ramah', 'gen', 'z']","['video', 'rk', 'kolaborasi', 'pemerintah', 'pusat', 'bangun', 'rumah', 'ramah', 'gen', 'z']"
"Banyak Gen Z Senang Makan Sendirian, Ini Manfaatnya yang Tak Terduga",https://wolipop.detik.com/health-and-diet/d-7565413/banyak-gen-z-senang-makan-sendirian-ini-manfaatnya-yang-tak-terduga,"banyak gen z senang makan sendirian, ini manfaatnya yang tak terduga","banyak gen z senang makan sendirian, ini manfaatnya yang tak terduga",banyak gen z senang makan sendirian ini manfaatnya yang tak terduga,banyak gen z senang makan sendirian ini manfaatnya yang tak terduga,banyak gen z senang makan sendirian ini manfaatnya yang tak terduga,"['banyak', 'gen', 'z', 'senang', 'makan', 'sendirian', 'ini', 'manfaatnya', 'yang', 'tak', 'terduga']","['banyak', 'gen', 'z', 'senang', 'makan', 'sendirian', 'ini', 'manfaatnya', 'yang', 'tak', 'terduga']","['gen', 'z', 'senang', 'makan', 'manfaatnya', 'terduga']","['gen', 'z', 'senang', 'ma', 'manfaatnya', 'terduga']"
"Gen Z Dominasi Kaum Nganggur di RI, Segini Rentang Usianya",https://finance.detik.com/berita-ekonomi-bisnis/d-7354094/gen-z-dominasi-kaum-nganggur-di-ri-segini-rentang-usianya,"gen z dominasi kaum nganggur di ri, segini rentang usianya","gen z dominasi kaum nganggur di ri, segini rentang usianya",gen z dominasi kaum nganggur di ri segini rentang usianya,gen z dominasi kaum nganggur di ri segini rentang usianya,gen z dominasi kaum nganggur di ri segini rentang usianya,"['gen', 'z', 'dominasi', 'kaum', 'nganggur', 'di', 'ri', 'segini', 'rentang', 'usianya']","['gen', 'z', 'dominasi', 'kaum', 'nganggur', 'di', 'ri', 'segini', 'rentang', 'usianya']","['gen', 'z', 'dominasi', 'kaum', 'nganggur', 'ri', 'segini', 'rentang', 'usianya']","['gen', 'z', 'dominasi', 'kaum', 'nganggur', 'ri', 'segini', 'rentang', 'usianya']"
Gen Z Kini Lebih Suka Cari Informasi di Media Sosial daripada 'Googling',https://inet.detik.com/detiktv/d-7541609/gen-z-kini-lebih-suka-cari-informasi-di-media-sosial-daripada-googling,gen z kini lebih suka cari informasi di media sosial daripada 'googling',gen z kini lebih suka cari informasi di media sosial daripada 'googling',gen z kini lebih suka cari informasi di media sosial daripada googling,gen z kini lebih suka cari informasi di media sosial daripada googling,gen z kini lebih suka cari informasi di media sosial daripada googling,"['gen', 'z', 'kini', 'lebih', 'suka', 'cari', 'informasi', 'di', 'media', 'sosial', 'daripada', 'googling']","['gen', 'z', 'kini', 'lebih', 'suka', 'cari', 'informasi', 'di', 'media', 'sosial', 'daripada', 'googling']","['gen', 'z', 'suka', 'cari', 'informasi', 'media', 'sosial', 'googling']","['gen', 'z', 'suka', 'cari', 'informasi', 'dia', 'sosial', 'googling']"
Aksi Protes Warga Kenya Tolak Kenaikan Pajak,https://finance.detik.com/foto-bisnis/d-7401340/aksi-protes-warga-kenya-tolak-kenaikan-pajak,aksi protes warga kenya tolak kenaikan pajak,aksi protes warga kenya tolak kenaikan pajak,aksi protes warga kenya tolak kenaikan pajak,aksi protes warga kenya tolak kenaikan pajak,aksi protes warga kenya tolak kenaikan pajak,"['aksi', 'protes', 'warga', 'kenya', 'tolak', 'kenaikan', 'pajak']","['aksi', 'protes', 'warga', 'kenya', 'tolak', 'kenaikan', 'pajak']","['aksi', 'protes', 'warga', 'kenya', 'tolak', 'kenaikan', 'pajak']","['aksi', 'protes', 'warga', 'kenya', 'tolak', 'kenai', 'pajak']"
"Viral CEO 'Roasting' Tren Surat Lamaran Kerja Gen Z, Jangan Seperti Ini",https://wolipop.detik.com/worklife/d-7611063/viral-ceo-roasting-tren-surat-lamaran-kerja-gen-z-jangan-seperti-ini,"viral ceo 'roasting' tren surat lamaran kerja gen z, jangan seperti ini","viral ceo 'roasting' tren surat lamaran kerja gen z, jangan seperti ini",viral ceo roasting tren surat lamaran kerja gen z jangan seperti ini,viral ceo roasting tren surat lamaran kerja gen z jangan seperti ini,viral ceo roasting tren surat lamaran kerja gen z jangan seperti ini,"['viral', 'ceo', 'roasting', 'tren', 'surat', 'lamaran', 'kerja', 'gen', 'z', 'jangan', 'seperti', 'ini']","['viral', 'ceo', 'roasting', 'tren', 'surat', 'lamaran', 'kerja', 'gen', 'z', 'jangan', 'seperti', 'ini']","['viral', 'ceo', 'roasting', 'tren', 'surat', 'lamaran', 'kerja', 'gen', 'z']","['viral', 'ceo', 'roasting', 'tren', 'surat', 'lamaran', 'kerja', 'gen', 'z']"
"Basuki: IKN buat Milenial-Gen Z, Bukan buat Saya dan Pak Jokowi",https://finance.detik.com/infrastruktur/d-7510920/basuki-ikn-buat-milenial-gen-z-bukan-buat-saya-dan-pak-jokowi,"basuki: ikn buat milenial-gen z, bukan buat saya dan pak jokowi","basuki: ikn buat milenial-gen z, bukan buat saya dan pak jokowi",basuki ikn buat milenialgen z bukan buat saya dan pak jokowi,basuki ikn buat milenialgen z bukan buat saya dan pak jokowi,basuki ikn buat milenialgen z bukan buat saya dan pak jokowi,"['basuki', 'ikn', 'buat', 'milenialgen', 'z', 'bukan', 'buat', 'saya', 'dan', 'pak', 'jokowi']","['basuki', 'ikn', 'buat', 'milenialgen', 'z', 'bukan', 'buat', 'saya', 'dan', 'pak', 'jokowi']","['basuki', 'ikn', 'milenialgen', 'z', 'jokowi']","['basuki', 'ikn', 'milenialgen', 'z', 'jokowi']"
Pengelola STP Ungkap Alasan Gen Z Tertarik Kerja di Perusahaan Teknologi,https://finance.detik.com/berita-ekonomi-bisnis/d-7457598/pengelola-stp-ungkap-alasan-gen-z-tertarik-kerja-di-perusahaan-teknologi,pengelola stp ungkap alasan gen z tertarik kerja di perusahaan teknologi,pengelola stp ungkap alasan gen z tertarik kerja di perusahaan teknologi,pengelola stp ungkap alasan gen z tertarik kerja di perusahaan teknologi,pengelola stp ungkap alasan gen z tertarik kerja di perusahaan teknologi,pengelola stp ungkap alasan gen z tertarik kerja di perusahaan teknologi,"['pengelola', 'stp', 'ungkap', 'alasan', 'gen', 'z', 'tertarik', 'kerja', 'di', 'perusahaan', 'teknologi']","['pengelola', 'stp', 'ungkap', 'alasan', 'gen', 'z', 'tertarik', 'kerja', 'di', 'perusahaan', 'teknologi']","['pengelola', 'stp', 'alasan', 'gen', 'z', 'tertarik', 'kerja', 'perusahaan', 'teknologi']","['pengelola', 'stp', 'alasan', 'gen', 'z', 'tertarik', 'kerja', 'perusahaan', 'teknologi']"
"10 Pekerjaan yang Cocok untuk Gen Z, Nomor 1 Konten Kreator",https://www.detik.com/sumut/berita/d-7441160/10-pekerjaan-yang-cocok-untuk-gen-z-nomor-1-konten-kreator,"10 pekerjaan yang cocok untuk gen z, nomor 1 konten kreator","10 pekerjaan yang cocok untuk gen z, nomor 1 konten kreator", pekerjaan yang cocok untuk gen z nomor  konten kreator, pekerjaan yang cocok untuk gen z nomor  konten kreator, pekerjaan yang cocok untuk gen z nomor  konten kreator,"['pekerjaan', 'yang', 'cocok', 'untuk', 'gen', 'z', 'nomor', 'konten', 'kreator']","['pekerjaan', 'yang', 'cocok', 'untuk', 'gen', 'z', 'nomor', 'konten', 'kreator']","['pekerjaan', 'cocok', 'gen', 'z', 'nomor', 'konten', 'kreator']","['pekerjaan', 'cocok', 'gen', 'z', 'nomor', 'konten', 'kreator']"
"Gen Z Filipina Paling Kesepian di Asia Tenggara, Seserius Ini Dampaknya",https://health.detik.com/berita-detikhealth/d-7486407/gen-z-filipina-paling-kesepian-di-asia-tenggara-seserius-ini-dampaknya,"gen z filipina paling kesepian di asia tenggara, seserius ini dampaknya","gen z filipina paling kesepian di asia tenggara, seserius ini dampaknya",gen z filipina paling kesepian di asia tenggara seserius ini dampaknya,gen z filipina paling kesepian di asia tenggara seserius ini dampaknya,gen z filipina paling kesepian di asia tenggara seserius ini dampaknya,"['gen', 'z', 'filipina', 'paling', 'kesepian', 'di', 'asia', 'tenggara', 'seserius', 'ini', 'dampaknya']","['gen', 'z', 'filipina', 'paling', 'kesepian', 'di', 'asia', 'tenggara', 'seserius', 'ini', 'dampaknya']","['gen', 'z', 'filipina', 'kesepian', 'asia', 'tenggara', 'seserius', 'dampaknya']","['gen', 'z', 'filipina', 'kesepian', 'asia', 'tenggara', 'seserius', 'dampaknya']"
"Erick Thohir Bandingkan Gen Z Luar Negeri Mandiri, di RI Nebeng Ortu",https://finance.detik.com/berita-ekonomi-bisnis/d-7432106/erick-thohir-bandingkan-gen-z-luar-negeri-mandiri-di-ri-nebeng-ortu,"erick thohir bandingkan gen z luar negeri mandiri, di ri nebeng ortu","erick thohir bandingkan gen z luar negeri mandiri, di ri nebeng ortu",erick thohir bandingkan gen z luar negeri mandiri di ri nebeng ortu,erick thohir bandingkan gen z luar negeri mandiri di ri nebeng ortu,erick thohir bandingkan gen z luar negeri mandiri di ri nebeng ortu,"['erick', 'thohir', 'bandingkan', 'gen', 'z', 'luar', 'negeri', 'mandiri', 'di', 'ri', 'nebeng', 'ortu']","['erick', 'thohir', 'bandingkan', 'gen', 'z', 'luar', 'negeri', 'mandiri', 'di', 'ri', 'nebeng', 'ortu']","['erick', 'thohir', 'bandingkan', 'gen', 'z', 'negeri', 'mandiri', 'ri', 'nebeng', 'ortu']","['erick', 'thohir', 'banding', 'gen', 'z', 'negeri', 'mandiri', 'ri', 'nebeng', 'ortu']"
Gen Z Masih Pilih Google Dibanding TikTok Untuk Pencarian,https://inet.detik.com/cyberlife/d-7300148/gen-z-masih-pilih-google-dibanding-tiktok-untuk-pencarian,gen z masih pilih google dibanding tiktok untuk pencarian,gen z masih pilih google dibanding tiktok untuk pencarian,gen z masih pilih google dibanding tiktok untuk pencarian,gen z masih pilih google dibanding tiktok untuk pencarian,gen z masih pilih google dibanding tiktok untuk pencarian,"['gen', 'z', 'masih', 'pilih', 'google', 'dibanding', 'tiktok', 'untuk', 'pencarian']","['gen', 'z', 'masih', 'pilih', 'google', 'dibanding', 'tiktok', 'untuk', 'pencarian']","['gen', 'z', 'pilih', 'google', 'dibanding', 'tiktok', 'pencarian']","['gen', 'z', 'pilih', 'google', 'dibanding', 'tiktok', 'pencarian']"
Video: Gen Z Bicara soal Rentan Depresi,https://20.detik.com/detikupdate/20241012-241012049/video-gen-z-bicara-soal-rentan-depresi,video: gen z bicara soal rentan depresi,video: gen z bicara soal rentan depresi,video gen z bicara soal rentan depresi,video gen z bicara soal rentan depresi,video gen z bicara soal rentan depresi,"['video', 'gen', 'z', 'bicara', 'soal', 'rentan', 'depresi']","['video', 'gen', 'z', 'bicara', 'soal', 'rentan', 'depresi']","['video', 'gen', 'z', 'bicara', 'rentan', 'depresi']","['video', 'gen', 'z', 'bicara', 'rentan', 'depresi']"
Bos BI Sebut Gen Z cs Semakin Ogah Pegang Uang Kertas,https://finance.detik.com/moneter/d-7471126/bos-bi-sebut-gen-z-cs-semakin-ogah-pegang-uang-kertas,bos bi sebut gen z cs semakin ogah pegang uang kertas,bos bi sebut gen z cs semakin ogah pegang uang kertas,bos bi sebut gen z cs semakin ogah pegang uang kertas,bos bi sebut gen z cs semakin ogah pegang uang kertas,bos bi sebut gen z cs semakin ogah pegang uang kertas,"['bos', 'bi', 'sebut', 'gen', 'z', 'cs', 'semakin', 'ogah', 'pegang', 'uang', 'kertas']","['bos', 'bi', 'sebut', 'gen', 'z', 'cs', 'semakin', 'ogah', 'pegang', 'uang', 'kertas']","['bos', 'bi', 'gen', 'z', 'cs', 'ogah', 'pegang', 'uang', 'kertas']","['bos', 'bi', 'gen', 'z', 'cs', 'ogah', 'pegang', 'uang', 'kertas']"
"Bos BI Sebut Gen Z Makin Malas Pakai Uang Kertas, Ini Alasannya",https://finance.detik.com/moneter/d-7469779/bos-bi-sebut-gen-z-makin-malas-pakai-uang-kertas-ini-alasannya,"bos bi sebut gen z makin malas pakai uang kertas, ini alasannya","bos bi sebut gen z makin malas pakai uang kertas, ini alasannya",bos bi sebut gen z makin malas pakai uang kertas ini alasannya,bos bi sebut gen z makin malas pakai uang kertas ini alasannya,bos bi sebut gen z makin malas pakai uang kertas ini alasannya,"['bos', 'bi', 'sebut', 'gen', 'z', 'makin', 'malas', 'pakai', 'uang', 'kertas', 'ini', 'alasannya']","['bos', 'bi', 'sebut', 'gen', 'z', 'makin', 'malas', 'pakai', 'uang', 'kertas', 'ini', 'alasannya']","['bos', 'bi', 'gen', 'z', 'malas', 'pakai', 'uang', 'kertas', 'alasannya']","['bos', 'bi', 'gen', 'z', 'malas', 'pakai', 'uang', 'kertas', 'alasannya']"
"Bea Impor Makin Mencekik, Bikin Mimpi Gen Z Punya Rumah Makin Sulit!",https://www.detik.com/properti/berita/d-7452724/bea-impor-makin-mencekik-bikin-mimpi-gen-z-punya-rumah-makin-sulit,"bea impor makin mencekik, bikin mimpi gen z punya rumah makin sulit!","bea impor makin mencekik, bikin mimpi gen z punya rumah makin sulit!",bea impor makin mencekik bikin mimpi gen z punya rumah makin sulit,bea impor makin mencekik bikin mimpi gen z punya rumah makin sulit,bea impor makin mencekik bikin mimpi gen z punya rumah makin sulit,"['bea', 'impor', 'makin', 'mencekik', 'bikin', 'mimpi', 'gen', 'z', 'punya', 'rumah', 'makin', 'sulit']","['bea', 'impor', 'makin', 'mencekik', 'bikin', 'mimpi', 'gen', 'z', 'punya', 'rumah', 'makin', 'sulit']","['bea', 'impor', 'mencekik', 'bikin', 'mimpi', 'gen', 'z', 'rumah', 'sulit']","['bea', 'impor', 'ncekik', 'bikin', 'mimpi', 'gen', 'z', 'rumah', 'sulit']"
"Sasar Gen Z, Campina Gandeng MPL Indonesia Season 13",https://finance.detik.com/foto-bisnis/d-7379456/sasar-gen-z-campina-gandeng-mpl-indonesia-season-13,"sasar gen z, campina gandeng mpl indonesia season 13","sasar gen z, campina gandeng mpl indonesia season 13",sasar gen z campina gandeng mpl indonesia season ,sasar gen z campina gandeng mpl indonesia season ,sasar gen z campina gandeng mpl indonesia season ,"['sasar', 'gen', 'z', 'campina', 'gandeng', 'mpl', 'indonesia', 'season']","['sasar', 'gen', 'z', 'campina', 'gandeng', 'mpl', 'indonesia', 'season']","['sasar', 'gen', 'z', 'campina', 'gandeng', 'mpl', 'indonesia', 'season']","['sasar', 'gen', 'z', 'campina', 'gandeng', 'mpl', 'indonesia', 'season']"
"Frateran Digital Content Project, Bekali Gen Z dengan Kecerdasan Digital",https://www.detik.com/jatim/berita/d-7385582/frateran-digital-content-project-bekali-gen-z-dengan-kecerdasan-digital,"frateran digital content project, bekali gen z dengan kecerdasan digital","frateran digital content project, bekali gen z dengan kecerdasan digital",frateran digital content project bekali gen z dengan kecerdasan digital,frateran digital content project bekali gen z dengan kecerdasan digital,frateran digital content project bekali gen z dengan kecerdasan digital,"['frateran', 'digital', 'content', 'project', 'bekali', 'gen', 'z', 'dengan', 'kecerdasan', 'digital']","['frateran', 'digital', 'content', 'project', 'bekali', 'gen', 'z', 'dengan', 'kecerdasan', 'digital']","['frateran', 'digital', 'content', 'project', 'bekali', 'gen', 'z', 'kecerdasan', 'digital']","['frateran', 'digital', 'content', 'project', 'bekali', 'gen', 'z', 'kecerdasan', 'digital']"
"1 dari 3 Gen Z di Singapura Stres-Depresi karena Medsos, Ini Temuannya",https://health.detik.com/berita-detikhealth/d-7548844/1-dari-3-gen-z-di-singapura-stres-depresi-karena-medsos-ini-temuannya,"1 dari 3 gen z di singapura stres-depresi karena medsos, ini temuannya","1 dari 3 gen z di singapura stres-depresi karena medsos, ini temuannya", dari  gen z di singapura stresdepresi karena medsos ini temuannya, dari  gen z di singapura stresdepresi karena medsos ini temuannya, dari  gen z di singapura stresdepresi karena medsos ini temuannya,"['dari', 'gen', 'z', 'di', 'singapura', 'stresdepresi', 'karena', 'medsos', 'ini', 'temuannya']","['dari', 'gen', 'z', 'di', 'singapura', 'stresdepresi', 'karena', 'medsos', 'ini', 'temuannya']","['gen', 'z', 'singapura', 'stresdepresi', 'medsos', 'temuannya']","['gen', 'z', 'singapura', 'stresdepresi', 'dsos', 'temuannya']"
"Tren Sadfishing Pada Gen Z, Umbar Cerita Sedih yang Dilebih-lebihkan",https://wolipop.detik.com/love/d-7422399/tren-sadfishing-pada-gen-z-umbar-cerita-sedih-yang-dilebih-lebihkan,"tren sadfishing pada gen z, umbar cerita sedih yang dilebih-lebihkan","tren sadfishing pada gen z, umbar cerita sedih yang dilebih-lebihkan",tren sadfishing pada gen z umbar cerita sedih yang dilebihlebihkan,tren sadfishing pada gen z umbar cerita sedih yang dilebihlebihkan,tren sadfishing pada gen z umbar cerita sedih yang dilebihlebihkan,"['tren', 'sadfishing', 'pada', 'gen', 'z', 'umbar', 'cerita', 'sedih', 'yang', 'dilebihlebihkan']","['tren', 'sadfishing', 'pada', 'gen', 'z', 'umbar', 'cerita', 'sedih', 'yang', 'dilebihlebihkan']","['tren', 'sadfishing', 'gen', 'z', 'umbar', 'cerita', 'sedih', 'dilebihlebihkan']","['tren', 'sadfishing', 'gen', 'z', 'umbar', 'cerita', 'sedih', 'dilebihlebih']"
"Survei BPS Ungkap 10 Juta Gen Z Menganggur, Apa Penyebabnya?",https://www.detik.com/edu/edutainment/d-7350737/survei-bps-ungkap-10-juta-gen-z-menganggur-apa-penyebabnya,"survei bps ungkap 10 juta gen z menganggur, apa penyebabnya?","survei bps ungkap 10 juta gen z menganggur, apa penyebabnya?",survei bps ungkap  juta gen z menganggur apa penyebabnya,survei bps ungkap  juta gen z menganggur apa penyebabnya,survei bps ungkap  juta gen z menganggur apa penyebabnya,"['survei', 'bps', 'ungkap', 'juta', 'gen', 'z', 'menganggur', 'apa', 'penyebabnya']","['survei', 'bps', 'ungkap', 'juta', 'gen', 'z', 'menganggur', 'apa', 'penyebabnya']","['survei', 'bps', 'juta', 'gen', 'z', 'menganggur', 'penyebabnya']","['survei', 'bps', 'juta', 'gen', 'z', 'nganggur', 'penyebabnya']"
Aduh! Banyak Gen Z Terjerat Pinjol,https://finance.detik.com/fintech/d-7457971/aduh-banyak-gen-z-terjerat-pinjol,aduh! banyak gen z terjerat pinjol,aduh! banyak gen z terjerat pinjol,aduh banyak gen z terjerat pinjol,aduh banyak gen z terjerat pinjol,aduh banyak gen z terjerat pinjol,"['aduh', 'banyak', 'gen', 'z', 'terjerat', 'pinjol']","['aduh', 'banyak', 'gen', 'z', 'terjerat', 'pinjol']","['aduh', 'gen', 'z', 'terjerat', 'pinjol']","['aduh', 'gen', 'z', 'terjerat', 'pinjol']"
"Moo Deng Bayi Kuda Nil Viral Bikin Gemas, Kini Jadi Tren Makeup Gen Z",https://wolipop.detik.com/makeup-and-skincare/d-7560603/moo-deng-bayi-kuda-nil-viral-bikin-gemas-kini-jadi-tren-makeup-gen-z,"moo deng bayi kuda nil viral bikin gemas, kini jadi tren makeup gen z","moo deng bayi kuda nil viral bikin gemas, kini jadi tren makeup gen z",moo deng bayi kuda nil viral bikin gemas kini jadi tren makeup gen z,moo deng bayi kuda nil viral bikin gemas kini jadi tren makeup gen z,moo deng bayi kuda nil viral bikin gemas kini jadi tren makeup gen z,"['moo', 'deng', 'bayi', 'kuda', 'nil', 'viral', 'bikin', 'gemas', 'kini', 'jadi', 'tren', 'makeup', 'gen', 'z']","['moo', 'deng', 'bayi', 'kuda', 'nil', 'viral', 'bikin', 'gemas', 'kini', 'jadi', 'tren', 'makeup', 'gen', 'z']","['moo', 'deng', 'bayi', 'kuda', 'nil', 'viral', 'bikin', 'gemas', 'tren', 'makeup', 'gen', 'z']","['moo', 'deng', 'bayi', 'kuda', 'nil', 'viral', 'bikin', 'gemas', 'tren', 'makeup', 'gen', 'z']"
Saran Pemprov DKI Beri Pelatihan Kerja ke Gen Z demi Atasi Pengangguran,https://news.detik.com/berita/d-7463675/saran-pemprov-dki-beri-pelatihan-kerja-ke-gen-z-demi-atasi-pengangguran,saran pemprov dki beri pelatihan kerja ke gen z demi atasi pengangguran,saran pemprov dki beri pelatihan kerja ke gen z demi atasi pengangguran,saran pemprov dki beri pelatihan kerja ke gen z demi atasi pengangguran,saran pemprov dki beri pelatihan kerja ke gen z demi atasi pengangguran,saran pemprov dki beri pelatihan kerja ke gen z demi atasi pengangguran,"['saran', 'pemprov', 'dki', 'beri', 'pelatihan', 'kerja', 'ke', 'gen', 'z', 'demi', 'atasi', 'pengangguran']","['saran', 'pemprov', 'dki', 'beri', 'pelatihan', 'kerja', 'ke', 'gen', 'z', 'demi', 'atasi', 'pengangguran']","['saran', 'pemprov', 'dki', 'pelatihan', 'kerja', 'gen', 'z', 'atasi', 'pengangguran']","['saran', 'pemprov', 'dki', 'pelatihan', 'kerja', 'gen', 'z', 'atasi', 'pengangguran']"
Video: Melihat Lagi Janji RK dan Pramono soal Nasib Gen Z di Jakarta,https://20.detik.com/detikupdate/20241007-241007060/video-melihat-lagi-janji-rk-dan-pramono-soal-nasib-gen-z-di-jakarta,video: melihat lagi janji rk dan pramono soal nasib gen z di jakarta,video: melihat lagi janji rk dan pramono soal nasib gen z di jakarta,video melihat lagi janji rk dan pramono soal nasib gen z di jakarta,video melihat lagi janji rk dan pramono soal nasib gen z di jakarta,video melihat lagi janji rk dan pramono soal nasib gen z di jakarta,"['video', 'melihat', 'lagi', 'janji', 'rk', 'dan', 'pramono', 'soal', 'nasib', 'gen', 'z', 'di', 'jakarta']","['video', 'melihat', 'lagi', 'janji', 'rk', 'dan', 'pramono', 'soal', 'nasib', 'gen', 'z', 'di', 'jakarta']","['video', 'janji', 'rk', 'pramono', 'nasib', 'gen', 'z', 'jakarta']","['video', 'janji', 'rk', 'pramono', 'nasib', 'gen', 'z', 'jakarta']"
